phase,ms,frame_ms,fov,expected_fov
zoom-in,0.000,0.000,68.63258,68.63258
zoom-in,0.865,0.865,67.67120,67.67120
zoom-in,2.842,1.978,65.55841,65.55841
zoom-in,3.626,0.784,64.75272,64.75272
zoom-in,4.164,0.537,64.21042,64.21042
zoom-in,4.634,0.470,63.74288,63.74287
zoom-in,5.095,0.461,63.28964,63.28963
zoom-in,5.553,0.459,62.84470,62.84469
zoom-in,6.006,0.452,62.41130,62.41130
zoom-in,6.439,0.433,62.00109,62.00109
zoom-in,6.864,0.425,61.60331,61.60331
zoom-in,7.287,0.423,61.21183,61.21183
zoom-in,7.717,0.430,60.81891,60.81890
zoom-in,8.162,0.445,60.41675,60.41675
zoom-in,8.627,0.465,60.00154,60.00153
zoom-in,9.102,0.475,59.58270,59.58270
zoom-in,10.400,1.298,58.46502,58.46501
zoom-in,10.903,0.502,58.04266,58.04266
zoom-in,11.510,0.607,57.53963,57.53962
zoom-in,12.017,0.507,57.12538,57.12538
zoom-in,12.536,0.519,56.70732,56.70732
zoom-in,16.265,3.728,53.86407,53.86406
zoom-in,16.931,0.667,53.38374,53.38374
zoom-in,17.566,0.634,52.93411,52.93411
zoom-in,18.039,0.474,52.60291,52.60290
zoom-in,20.237,2.197,51.11765,51.11765
zoom-in,20.749,0.512,50.78287,50.78287
zoom-in,21.254,0.505,50.45731,50.45731
zoom-in,21.716,0.463,50.16246,50.16245
zoom-in,22.145,0.429,49.89201,49.89201
zoom-in,22.713,0.568,49.53821,49.53821
zoom-in,23.170,0.457,49.25722,49.25722
zoom-in,23.620,0.450,48.98359,48.98359
zoom-in,24.055,0.435,48.72155,48.72155
zoom-in,24.769,0.714,48.29810,48.29809
zoom-in,25.222,0.453,48.03284,48.03284
zoom-in,25.650,0.428,47.78521,47.78520
zoom-in,26.158,0.508,47.49443,47.49443
zoom-in,26.831,0.673,47.11460,47.11460
zoom-in,27.286,0.455,46.86104,46.86104
zoom-in,27.741,0.455,46.61043,46.61043
zoom-in,28.205,0.465,46.35721,46.35721
zoom-in,28.742,0.537,46.06809,46.06809
zoom-in,29.586,0.844,45.62094,45.62094
zoom-in,30.013,0.426,45.39850,45.39850
zoom-in,30.459,0.447,45.16762,45.16762
zoom-in,30.867,0.407,44.95929,44.95929
zoom-in,31.271,0.404,44.75455,44.75454
zoom-in,31.687,0.417,44.54552,44.54552
zoom-in,32.106,0.419,44.33738,44.33737
zoom-in,32.521,0.415,44.13324,44.13324
zoom-in,32.994,0.473,43.90284,43.90283
zoom-in,33.394,0.401,43.70966,43.70965
zoom-in,35.126,1.732,42.89427,42.89427
zoom-in,35.966,0.840,42.51053,42.51053
zoom-in,38.328,2.362,41.46926,41.46926
zoom-in,38.912,0.584,41.22007,41.22007
zoom-in,39.369,0.458,41.02718,41.02718
zoom-in,39.790,0.420,40.85170,40.85169
zoom-in,40.241,0.451,40.66520,40.66520
zoom-in,40.680,0.439,40.48532,40.48532
zoom-in,41.118,0.438,40.30763,40.30762
zoom-in,41.532,0.414,40.14123,40.14123
zoom-in,41.938,0.406,39.97951,39.97951
zoom-in,42.497,0.558,39.75965,39.75965
zoom-in,43.167,0.671,39.49899,39.49899
zoom-in,43.668,0.501,39.30661,39.30661
zoom-in,44.130,0.461,39.13138,39.13138
zoom-in,44.761,0.631,38.89463,38.89463
zoom-in,45.915,1.155,38.46955,38.46955
zoom-in,46.404,0.489,38.29271,38.29271
zoom-in,46.903,0.499,38.11414,38.11414
zoom-in,47.320,0.417,37.96645,37.96645
zoom-in,47.742,0.423,37.81797,37.81797
zoom-in,48.288,0.546,37.62827,37.62827
zoom-in,48.772,0.484,37.46199,37.46199
zoom-in,49.198,0.426,37.31681,37.31681
zoom-in,49.615,0.417,37.17603,37.17603
zoom-in,50.025,0.410,37.03871,37.03871
zoom-in,50.429,0.404,36.90475,36.90475
zoom-in,50.828,0.399,36.77339,36.77339
zoom-in,51.234,0.406,36.64101,36.64101
zoom-in,52.339,1.105,36.28601,36.28601
zoom-in,54.132,1.794,35.72692,35.72692
zoom-in,54.702,0.570,35.55359,35.55359
zoom-in,55.175,0.472,35.41145,35.41145
zoom-in,55.632,0.458,35.27494,35.27494
zoom-in,56.113,0.481,35.13292,35.13292
zoom-in,56.524,0.410,35.01289,35.01289
zoom-in,56.949,0.425,34.88953,34.88953
zoom-in,57.540,0.592,34.71965,34.71965
zoom-in,58.068,0.528,34.56974,34.56974
zoom-in,58.576,0.507,34.42720,34.42720
zoom-in,59.014,0.439,34.30516,34.30516
zoom-in,59.434,0.420,34.18924,34.18924
zoom-in,60.426,0.992,33.91945,33.91945
zoom-in,60.845,0.419,33.80713,33.80713
zoom-in,61.269,0.425,33.69419,33.69418
zoom-in,61.662,0.392,33.59070,33.59070
zoom-in,62.111,0.450,33.47300,33.47300
zoom-in,62.970,0.859,33.25109,33.25109
zoom-in,63.587,0.616,33.09417,33.09417
zoom-in,64.808,1.221,32.78879,32.78879
zoom-in,65.379,0.571,32.64861,32.64860
zoom-in,65.839,0.460,32.53662,32.53662
zoom-in,66.271,0.432,32.43253,32.43253
zoom-in,66.718,0.447,32.32559,32.32559
zoom-in,67.129,0.411,32.22826,32.22826
zoom-in,67.659,0.530,32.10378,32.10378
zoom-in,68.119,0.461,31.99655,31.99654
zoom-in,69.328,1.209,31.71975,31.71975
zoom-in,69.858,0.531,31.60026,31.60026
zoom-in,70.296,0.437,31.50265,31.50265
zoom-in,70.727,0.431,31.40730,31.40730
zoom-in,71.228,0.501,31.29740,31.29740
zoom-in,71.670,0.443,31.20119,31.20119
zoom-in,72.094,0.424,31.10969,31.10969
zoom-in,72.487,0.392,31.02577,31.02577
zoom-in,74.006,1.519,30.70646,30.70646
zoom-in,74.608,0.602,30.58249,30.58249
zoom-in,75.043,0.436,30.49364,30.49364
zoom-in,75.471,0.428,30.40703,30.40703
zoom-in,75.901,0.430,30.32080,30.32080
zoom-in,77.549,1.648,29.99617,29.99617
zoom-in,78.079,0.531,29.89374,29.89374
zoom-in,78.524,0.444,29.80876,29.80876
zoom-in,79.115,0.591,29.69672,29.69672
zoom-in,79.592,0.477,29.60716,29.60716
zoom-in,80.020,0.428,29.52750,29.52750
zoom-in,80.438,0.418,29.45033,29.45033
zoom-in,80.924,0.486,29.36137,29.36137
zoom-in,81.378,0.454,29.27899,29.27899
zoom-in,81.802,0.424,29.20265,29.20264
zoom-in,82.233,0.432,29.12548,29.12548
zoom-in,82.678,0.445,29.04659,29.04659
zoom-in,83.156,0.478,28.96259,28.96258
zoom-in,83.772,0.616,28.85529,28.85529
zoom-in,84.296,0.524,28.76499,28.76499
zoom-in,85.685,1.389,28.52966,28.52966
zoom-in,86.172,0.487,28.44858,28.44858
zoom-in,86.591,0.420,28.37922,28.37922
zoom-in,86.991,0.400,28.31362,28.31362
zoom-in,87.430,0.438,28.24224,28.24224
zoom-in,88.034,0.604,28.14473,28.14473
zoom-in,88.537,0.503,28.06438,28.06438
zoom-in,88.980,0.443,27.99419,27.99419
zoom-in,89.464,0.484,27.91813,27.91813
zoom-in,89.885,0.421,27.85249,27.85248
zoom-in,90.362,0.478,27.77863,27.77863
zoom-in,90.781,0.419,27.71441,27.71440
zoom-in,91.174,0.393,27.65457,27.65457
zoom-in,91.554,0.380,27.59705,27.59705
zoom-in,93.571,2.017,27.29809,27.29809
zoom-in,94.211,0.641,27.20529,27.20529
zoom-in,94.689,0.477,27.13682,27.13682
zoom-in,95.639,0.951,27.00213,27.00213
zoom-in,96.508,0.869,26.88092,26.88091
zoom-in,96.938,0.430,26.82161,26.82161
zoom-in,97.331,0.393,26.76781,26.76781
zoom-in,97.860,0.529,26.69592,26.69592
zoom-in,98.246,0.386,26.64388,26.64388
zoom-in,98.620,0.374,26.59379,26.59379
zoom-in,99.007,0.388,26.54221,26.54221
zoom-in,99.392,0.385,26.49134,26.49134
zoom-in,99.778,0.387,26.44055,26.44055
zoom-in,100.159,0.380,26.39091,26.39091
zoom-in,100.541,0.383,26.34130,26.34130
zoom-in,101.107,0.566,26.26855,26.26855
zoom-in,101.628,0.521,26.20213,26.20213
zoom-in,103.224,1.597,26.00220,26.00219
zoom-in,103.684,0.460,25.94564,25.94564
zoom-in,104.092,0.408,25.89581,25.89581
zoom-in,104.486,0.395,25.84793,25.84793
zoom-in,104.874,0.388,25.80117,25.80117
zoom-in,105.256,0.382,25.75537,25.75537
zoom-in,105.738,0.482,25.69807,25.69807
zoom-in,106.178,0.440,25.64611,25.64611
zoom-in,106.585,0.407,25.59835,25.59835
zoom-in,107.010,0.425,25.54888,25.54888
zoom-in,107.402,0.391,25.50362,25.50362
zoom-in,107.786,0.384,25.45948,25.45948
zoom-in,108.172,0.386,25.41543,25.41543
zoom-in,108.551,0.380,25.37237,25.37237
zoom-in,108.948,0.397,25.32765,25.32765
zoom-in,109.966,1.018,25.21421,25.21421
zoom-in,110.358,0.392,25.17103,25.17103
zoom-in,110.739,0.381,25.12934,25.12934
zoom-in,111.132,0.393,25.08665,25.08665
zoom-in,111.505,0.374,25.04625,25.04625
zoom-in,111.871,0.366,25.00695,25.00695
zoom-in,112.240,0.369,24.96753,24.96753
zoom-in,114.196,1.956,24.76255,24.76255
zoom-in,115.219,1.023,24.65788,24.65788
zoom-in,115.901,0.682,24.58905,24.58905
zoom-in,116.326,0.424,24.54662,24.54662
zoom-in,116.814,0.488,24.49816,24.49816
zoom-in,117.265,0.452,24.45365,24.45365
zoom-in,118.016,0.751,24.38040,24.38040
zoom-in,118.515,0.499,24.33216,24.33216
zoom-in,120.175,1.660,24.17448,24.17448
zoom-in,120.638,0.463,24.13128,24.13128
zoom-in,121.043,0.405,24.09370,24.09370
zoom-in,121.428,0.385,24.05826,24.05826
zoom-in,121.804,0.376,24.02381,24.02381
zoom-in,122.176,0.373,23.98987,23.98987
zoom-in,122.548,0.372,23.95622,23.95622
zoom-in,123.055,0.507,23.91061,23.91061
zoom-in,123.610,0.555,23.86116,23.86116
zoom-in,124.179,0.569,23.81091,23.81091
zoom-in,125.000,0.822,23.73907,23.73906
zoom-in,125.434,0.434,23.70148,23.70149
zoom-in,126.684,1.250,23.59470,23.59470
zoom-in,127.123,0.439,23.55768,23.55768
zoom-in,127.528,0.405,23.52380,23.52380
zoom-in,128.022,0.494,23.48271,23.48270
zoom-in,128.988,0.966,23.40327,23.40327
zoom-in,129.553,0.565,23.35732,23.35732
zoom-in,134.028,4.475,23.00741,23.00741
zoom-in,134.657,0.629,22.96011,22.96011
zoom-in,135.553,0.896,22.89352,22.89352
zoom-in,136.058,0.505,22.85642,22.85642
zoom-in,136.496,0.438,22.82444,22.82444
zoom-in,137.021,0.526,22.78635,22.78635
zoom-in,137.475,0.454,22.75370,22.75370
zoom-in,137.942,0.466,22.72040,22.72040
zoom-in,138.384,0.443,22.68901,22.68901
zoom-in,138.789,0.405,22.66049,22.66049
zoom-in,139.175,0.386,22.63342,22.63342
zoom-in,139.552,0.377,22.60715,22.60715
zoom-in,139.948,0.396,22.57975,22.57975
zoom-in,140.336,0.389,22.55298,22.55298
zoom-in,140.715,0.378,22.52708,22.52708
zoom-in,141.084,0.369,22.50198,22.50198
zoom-in,141.451,0.367,22.47711,22.47711
zoom-in,141.856,0.405,22.44986,22.44986
zoom-in,142.278,0.422,22.42164,22.42164
zoom-in,142.699,0.421,22.39364,22.39364
zoom-in,144.694,1.995,22.26341,22.26341
zoom-in,145.350,0.656,22.22143,22.22143
zoom-in,146.123,0.773,22.17246,22.17246
zoom-in,146.591,0.468,22.14308,22.14308
zoom-in,147.165,0.574,22.10732,22.10733
zoom-in,147.562,0.397,22.08279,22.08279
zoom-in,147.951,0.388,22.05892,22.05892
zoom-in,148.465,0.515,22.02751,22.02751
zoom-in,148.975,0.509,21.99664,21.99664
zoom-in,149.471,0.496,21.96679,21.96679
zoom-in,153.806,4.335,21.71511,21.71511
zoom-in,154.482,0.676,21.67728,21.67728
zoom-in,154.943,0.461,21.65167,21.65167
zoom-in,155.455,0.512,21.62348,21.62348
zoom-in,155.883,0.428,21.60003,21.60003
zoom-in,156.294,0.411,21.57769,21.57769
zoom-in,156.771,0.477,21.55190,21.55190
zoom-in,157.240,0.469,21.52674,21.52674
zoom-in,157.637,0.397,21.50555,21.50555
zoom-in,158.020,0.382,21.48527,21.48527
zoom-in,158.399,0.380,21.46523,21.46523
zoom-in,158.788,0.389,21.44483,21.44483
zoom-in,159.185,0.397,21.42412,21.42412
zoom-in,160.445,1.259,21.35921,21.35921
zoom-in,161.002,0.557,21.33086,21.33086
zoom-in,161.471,0.470,21.30715,21.30715
zoom-in,162.023,0.551,21.27951,21.27951
zoom-in,162.703,0.680,21.24571,21.24571
zoom-in,163.179,0.476,21.22224,21.22224
zoom-in,164.129,0.949,21.17593,21.17593
zoom-in,164.979,0.850,21.13499,21.13499
zoom-in,165.393,0.415,21.11520,21.11520
zoom-in,165.793,0.400,21.09623,21.09623
zoom-in,166.183,0.390,21.07784,21.07784
zoom-in,166.688,0.505,21.05416,21.05416
zoom-in,167.289,0.601,21.02621,21.02621
zoom-in,167.987,0.698,20.99402,20.99402
zoom-in,169.599,1.612,20.92095,20.92095
zoom-in,170.103,0.504,20.89844,20.89844
zoom-in,170.509,0.406,20.88040,20.88040
zoom-in,172.643,2.133,20.78741,20.78741
zoom-in,173.295,0.653,20.75951,20.75951
zoom-in,173.743,0.448,20.74053,20.74052
zoom-in,174.141,0.398,20.72373,20.72373
zoom-in,174.577,0.435,20.70548,20.70548
zoom-in,174.967,0.390,20.68921,20.68921
zoom-in,175.430,0.463,20.67003,20.67003
zoom-in,175.869,0.439,20.65196,20.65196
zoom-in,176.298,0.429,20.63439,20.63439
zoom-in,177.169,0.871,20.59907,20.59907
zoom-in,177.565,0.396,20.58315,20.58315
zoom-in,177.959,0.393,20.56743,20.56743
zoom-in,178.593,0.634,20.54226,20.54226
zoom-in,180.578,1.986,20.46488,20.46488
zoom-in,181.111,0.533,20.44448,20.44448
zoom-in,181.607,0.496,20.42561,20.42561
zoom-in,182.040,0.432,20.40928,20.40928
zoom-in,182.448,0.409,20.39393,20.39393
zoom-in,182.850,0.402,20.37892,20.37892
zoom-in,183.255,0.405,20.36387,20.36387
zoom-in,183.638,0.383,20.34974,20.34974
zoom-in,184.021,0.383,20.33568,20.33568
zoom-in,184.531,0.510,20.31706,20.31706
zoom-in,185.959,1.429,20.26557,20.26557
zoom-in,186.599,0.639,20.24287,20.24287
zoom-in,187.072,0.474,20.22617,20.22617
zoom-in,187.469,0.397,20.21226,20.21226
zoom-in,187.863,0.394,20.19853,20.19853
zoom-in,188.294,0.431,20.18358,20.18358
zoom-in,188.753,0.459,20.16778,20.16778
zoom-in,189.165,0.412,20.15369,20.15369
zoom-in,189.544,0.379,20.14076,20.14076
zoom-in,189.917,0.372,20.12815,20.12815
zoom-in,190.281,0.365,20.11586,20.11586
zoom-in,190.656,0.375,20.10329,20.10329
zoom-in,191.022,0.366,20.09106,20.09106
zoom-in,192.841,1.819,20.03127,20.03127
zoom-in,193.457,0.616,20.01134,20.01134
zoom-in,194.325,0.868,19.98355,19.98355
zoom-in,195.697,1.372,19.94029,19.94030
zoom-in,196.995,1.298,19.90010,19.90010
zoom-in,197.484,0.489,19.88515,19.88515
zoom-in,198.110,0.626,19.86614,19.86614
zoom-in,198.533,0.423,19.85340,19.85340
zoom-in,198.926,0.394,19.84160,19.84160
zoom-in,199.317,0.391,19.82994,19.82993
zoom-in,199.698,0.381,19.81864,19.81864
zoom-in,200.208,0.510,19.80361,19.80361
zoom-in,200.626,0.418,19.79136,19.79136
zoom-in,201.025,0.400,19.77971,19.77971
zoom-in,202.388,1.362,19.74048,19.74048
zoom-in,203.105,0.717,19.72012,19.72012
zoom-in,203.584,0.480,19.70661,19.70661
zoom-in,204.015,0.431,19.69456,19.69455
zoom-in,204.428,0.413,19.68306,19.68306
zoom-in,205.172,0.744,19.66249,19.66249
zoom-in,206.149,0.977,19.63581,19.63581
zoom-in,206.757,0.608,19.61937,19.61937
zoom-in,207.201,0.444,19.60746,19.60746
zoom-in,207.611,0.410,19.59651,19.59651
zoom-in,208.004,0.393,19.58609,19.58609
zoom-in,208.397,0.393,19.57571,19.57571
zoom-in,208.889,0.491,19.56281,19.56281
zoom-in,209.329,0.441,19.55132,19.55132
zoom-in,210.531,1.202,19.52032,19.52032
zoom-in,210.943,0.412,19.50981,19.50981
zoom-in,211.309,0.366,19.50051,19.50051
zoom-in,213.286,1.978,19.45108,19.45108
zoom-in,214.268,0.982,19.42701,19.42701
zoom-in,214.949,0.681,19.41051,19.41051
zoom-in,215.413,0.464,19.39934,19.39934
zoom-in,215.842,0.429,19.38908,19.38908
zoom-in,216.549,0.707,19.37229,19.37229
zoom-in,217.125,0.576,19.35874,19.35873
zoom-in,217.518,0.393,19.34954,19.34954
zoom-in,217.959,0.441,19.33928,19.33928
zoom-in,219.552,1.593,19.30272,19.30272
zoom-in,220.006,0.454,19.29244,19.29244
zoom-in,220.421,0.414,19.28311,19.28311
zoom-in,220.851,0.430,19.27348,19.27348
zoom-in,221.222,0.371,19.26521,19.26521
zoom-in,221.597,0.375,19.25691,19.25691
zoom-in,221.967,0.370,19.24875,19.24875
zoom-in,222.341,0.374,19.24053,19.24053
zoom-in,222.853,0.511,19.22938,19.22938
zoom-in,223.567,0.714,19.21392,19.21392
zoom-in,224.045,0.478,19.20365,19.20365
zoom-in,224.489,0.444,19.19417,19.19417
zoom-in,225.063,0.575,19.18199,19.18199
zoom-in,225.460,0.396,19.17364,19.17364
zoom-in,225.843,0.383,19.16561,19.16560
zoom-in,226.723,0.880,19.14732,19.14731
zoom-in,227.152,0.430,19.13846,19.13846
zoom-in,227.677,0.525,19.12771,19.12771
zoom-in,228.251,0.574,19.11605,19.11605
zoom-in,228.862,0.612,19.10370,19.10370
zoom-in,229.262,0.400,19.09568,19.09568
zoom-in,229.631,0.369,19.08832,19.08832
zoom-in,230.075,0.443,19.07953,19.07953
zoom-in,232.521,2.447,19.03188,19.03188
zoom-in,233.058,0.537,19.02163,19.02163
zoom-in,233.509,0.451,19.01307,19.01307
zoom-in,234.144,0.635,19.00111,19.00111
zoom-in,234.929,0.785,18.98645,18.98645
zoom-in,235.913,0.984,18.96830,18.96830
zoom-in,236.389,0.476,18.95960,18.95960
zoom-in,236.799,0.411,18.95213,18.95213
zoom-in,237.168,0.369,18.94547,18.94547
zoom-in,237.538,0.370,18.93880,18.93880
zoom-in,237.901,0.363,18.93229,18.93229
zoom-in,238.252,0.351,18.92604,18.92604
zoom-in,238.596,0.344,18.91993,18.91993
zoom-in,238.996,0.399,18.91288,18.91288
zoom-in,239.451,0.456,18.90487,18.90487
zoom-in,239.831,0.380,18.89823,18.89823
zoom-in,240.198,0.366,18.89186,18.89186
zoom-in,240.934,0.737,18.87914,18.87914
zoom-in,241.389,0.455,18.87134,18.87134
zoom-in,242.047,0.658,18.86015,18.86015
zoom-in,242.449,0.401,18.85337,18.85337
zoom-in,242.828,0.380,18.84698,18.84698
zoom-in,244.031,1.203,18.82697,18.82697
zoom-in,244.443,0.412,18.82018,18.82018
zoom-in,244.813,0.369,18.81413,18.81413
zoom-in,245.256,0.444,18.80690,18.80690
zoom-in,245.882,0.626,18.79677,18.79677
zoom-in,246.295,0.413,18.79012,18.79012
zoom-in,247.278,0.983,18.77445,18.77445
zoom-in,247.638,0.359,18.76878,18.76878
zoom-in,248.048,0.411,18.76232,18.76232
zoom-in,248.433,0.385,18.75630,18.75630
zoom-in,248.782,0.349,18.75086,18.75086
zoom-in,250.920,2.138,18.71810,18.71810
zoom-in,251.502,0.581,18.70935,18.70935
zoom-in,252.009,0.507,18.70177,18.70177
zoom-in,252.465,0.456,18.69499,18.69499
zoom-in,254.402,1.938,18.66663,18.66663
zoom-in,254.900,0.498,18.65945,18.65945
zoom-in,255.421,0.521,18.65199,18.65199
zoom-in,255.863,0.441,18.64571,18.64571
zoom-in,256.250,0.387,18.64023,18.64023
zoom-in,256.613,0.363,18.63512,18.63512
zoom-in,256.967,0.355,18.63015,18.63015
zoom-in,257.318,0.350,18.62526,18.62526
zoom-in,257.673,0.355,18.62032,18.62032
zoom-in,258.032,0.359,18.61535,18.61535
zoom-in,258.377,0.344,18.61060,18.61061
zoom-in,258.726,0.349,18.60582,18.60582
zoom-in,259.066,0.340,18.60118,18.60118
zoom-in,260.040,0.974,18.58799,18.58799
zoom-in,260.437,0.397,18.58266,18.58266
zoom-in,260.802,0.365,18.57779,18.57779
zoom-in,261.184,0.382,18.57271,18.57271
zoom-in,261.544,0.360,18.56795,18.56795
zoom-in,262.627,1.083,18.55375,18.55375
zoom-in,263.155,0.527,18.54691,18.54691
zoom-in,263.575,0.421,18.54148,18.54148
zoom-in,264.480,0.905,18.52991,18.52990
zoom-in,264.872,0.392,18.52494,18.52494
zoom-in,265.235,0.363,18.52036,18.52036
zoom-in,265.647,0.413,18.51517,18.51517
zoom-in,266.184,0.537,18.50847,18.50847
zoom-in,266.561,0.377,18.50380,18.50380
zoom-in,266.916,0.356,18.49940,18.49940
zoom-in,267.267,0.351,18.49508,18.49509
zoom-in,267.625,0.357,18.49071,18.49071
zoom-in,268.897,1.272,18.47529,18.47529
zoom-in,269.258,0.361,18.47096,18.47096
zoom-in,270.521,1.264,18.45596,18.45596
zoom-in,271.120,0.598,18.44894,18.44894
zoom-in,271.517,0.397,18.44431,18.44431
zoom-in,271.881,0.365,18.44007,18.44007
zoom-in,272.349,0.468,18.43467,18.43467
zoom-in,272.704,0.355,18.43060,18.43060
zoom-in,273.065,0.361,18.42647,18.42647
zoom-in,273.499,0.434,18.42153,18.42153
zoom-in,273.872,0.373,18.41732,18.41732
zoom-in,274.224,0.353,18.41334,18.41334
zoom-in,274.599,0.375,18.40914,18.40914
zoom-in,274.984,0.384,18.40485,18.40485
zoom-in,275.421,0.437,18.39999,18.39999
zoom-in,275.816,0.395,18.39563,18.39563
zoom-in,276.185,0.370,18.39157,18.39157
zoom-in,277.498,1.312,18.37730,18.37730
zoom-in,277.899,0.402,18.37298,18.37298
zoom-in,278.248,0.349,18.36924,18.36924
zoom-in,279.707,1.459,18.35379,18.35379
zoom-in,280.078,0.371,18.34991,18.34991
zoom-in,280.417,0.339,18.34637,18.34637
zoom-in,280.746,0.329,18.34296,18.34296
zoom-in,281.074,0.328,18.33957,18.33957
zoom-in,281.468,0.393,18.33552,18.33552
zoom-in,281.822,0.354,18.33189,18.33190
zoom-in,282.271,0.449,18.32732,18.32732
zoom-in,282.649,0.379,18.32349,18.32349
zoom-in,283.027,0.378,18.31967,18.31967
zoom-in,283.422,0.394,18.31571,18.31571
zoom-in,283.760,0.338,18.31234,18.31233
zoom-in,285.448,1.689,18.29568,18.29568
zoom-in,285.834,0.386,18.29192,18.29192
zoom-in,286.184,0.350,18.28853,18.28853
zoom-in,286.514,0.330,18.28534,18.28534
zoom-in,286.855,0.341,18.28207,18.28207
zoom-in,287.181,0.326,18.27894,18.27894
zoom-in,289.047,1.866,18.26132,18.26132
zoom-in,289.490,0.443,18.25721,18.25721
zoom-in,289.875,0.386,18.25364,18.25364
zoom-in,290.244,0.368,18.25024,18.25024
zoom-in,290.711,0.468,18.24595,18.24596
zoom-in,291.086,0.375,18.24254,18.24254
zoom-in,291.548,0.462,18.23835,18.23835
zoom-in,291.928,0.381,18.23491,18.23492
zoom-in,292.299,0.371,18.23159,18.23159
zoom-in,292.714,0.415,18.22788,18.22788
zoom-in,293.938,1.224,18.21705,18.21705
zoom-in,294.884,0.947,18.20879,18.20879
zoom-in,295.942,1.058,18.19967,18.19967
zoom-in,296.780,0.838,18.19254,18.19254
zoom-in,297.167,0.387,18.18927,18.18927
zoom-in,297.536,0.369,18.18616,18.18616
zoom-in,297.885,0.349,18.18324,18.18324
zoom-in,298.345,0.459,18.17941,18.17941
zoom-in,298.761,0.417,18.17596,18.17596
zoom-in,299.117,0.356,18.17303,18.17303
zoom-in,299.464,0.347,18.17018,18.17018
zoom-in,299.901,0.438,18.16660,18.16660
zoom-in,300.311,0.410,18.16327,18.16327
zoom-in,300.883,0.572,18.15865,18.15865
zoom-in,301.280,0.397,18.15546,18.15546
zoom-in,302.820,1.540,18.14324,18.14324
zoom-in,303.301,0.482,18.13947,18.13947
zoom-in,303.670,0.369,18.13660,18.13660
zoom-in,304.026,0.356,18.13383,18.13383
zoom-in,304.375,0.349,18.13114,18.13114
zoom-in,304.742,0.366,18.12832,18.12832
zoom-in,305.092,0.350,18.12564,18.12564
zoom-in,305.426,0.334,18.12309,18.12309
zoom-in,305.754,0.328,18.12060,18.12060
zoom-in,306.075,0.321,18.11817,18.11817
zoom-in,308.072,1.997,18.10328,18.10328
zoom-in,308.560,0.488,18.09970,18.09970
zoom-in,308.943,0.383,18.09690,18.09690
zoom-in,310.517,1.574,18.08555,18.08555
zoom-in,310.918,0.401,18.08270,18.08270
zoom-in,311.433,0.515,18.07904,18.07904
zoom-in,311.892,0.459,18.07581,18.07581
zoom-in,314.414,2.522,18.05837,18.05837
zoom-in,315.372,0.958,18.05189,18.05189
zoom-in,315.783,0.410,18.04914,18.04914
zoom-in,316.151,0.368,18.04668,18.04668
zoom-in,316.505,0.354,18.04433,18.04433
zoom-in,316.852,0.347,18.04203,18.04203
zoom-in,317.203,0.351,18.03972,18.03972
zoom-in,317.558,0.355,18.03739,18.03739
zoom-in,319.767,2.210,18.02312,18.02312
zoom-in,320.283,0.515,18.01985,18.01985
zoom-in,320.690,0.408,18.01728,18.01728
zoom-in,321.049,0.359,18.01502,18.01502
zoom-in,321.407,0.358,18.01278,18.01278
zoom-in,321.816,0.409,18.01023,18.01023
zoom-in,322.165,0.349,18.00807,18.00807
zoom-in,322.505,0.339,18.00597,18.00597
zoom-in,322.846,0.341,18.00388,18.00388
zoom-in,323.199,0.354,18.00171,18.00171
zoom-in,323.542,0.342,17.99963,17.99963
zoom-in,323.883,0.342,17.99756,17.99756
zoom-in,324.213,0.330,17.99556,17.99556
zoom-in,324.560,0.347,17.99347,17.99347
zoom-in,324.896,0.336,17.99146,17.99146
zoom-in,325.221,0.324,17.98952,17.98952
zoom-in,328.338,3.118,17.97131,17.97131
zoom-in,328.873,0.535,17.96825,17.96825
zoom-in,329.320,0.447,17.96572,17.96571
zoom-in,330.184,0.864,17.96085,17.96085
zoom-in,330.755,0.571,17.95766,17.95766
zoom-in,331.319,0.564,17.95453,17.95453
zoom-in,331.743,0.424,17.95220,17.95220
zoom-in,332.104,0.361,17.95022,17.95022
zoom-in,332.453,0.348,17.94832,17.94832
zoom-in,332.793,0.340,17.94647,17.94647
zoom-in,333.239,0.446,17.94406,17.94406
zoom-in,333.657,0.418,17.94180,17.94181
zoom-in,334.043,0.387,17.93974,17.93974
zoom-in,334.435,0.392,17.93765,17.93765
zoom-in,336.355,1.920,17.92756,17.92756
zoom-in,336.817,0.462,17.92517,17.92517
zoom-in,337.233,0.416,17.92303,17.92303
zoom-in,337.621,0.389,17.92103,17.92103
zoom-in,338.088,0.467,17.91865,17.91865
zoom-in,338.459,0.371,17.91677,17.91677
zoom-in,338.816,0.356,17.91497,17.91497
zoom-in,339.161,0.345,17.91323,17.91324
zoom-in,339.500,0.339,17.91154,17.91154
zoom-in,339.852,0.352,17.90978,17.90979
zoom-in,340.192,0.340,17.90810,17.90810
zoom-in,340.523,0.332,17.90646,17.90646
zoom-in,340.856,0.332,17.90482,17.90482
zoom-in,341.193,0.337,17.90317,17.90317
zoom-in,341.545,0.352,17.90145,17.90145
zoom-in,341.879,0.335,17.89982,17.89982
zoom-in,342.284,0.405,17.89787,17.89786
zoom-in,342.758,0.474,17.89558,17.89558
zoom-in,343.952,1.194,17.88990,17.88989
zoom-in,344.472,0.520,17.88744,17.88744
zoom-in,344.894,0.423,17.88546,17.88546
zoom-in,345.336,0.441,17.88340,17.88340
zoom-in,345.692,0.356,17.88175,17.88175
zoom-in,347.476,1.784,17.87358,17.87358
zoom-in,348.396,0.920,17.86943,17.86943
zoom-in,349.716,1.320,17.86357,17.86357
zoom-in,350.252,0.536,17.86122,17.86121
zoom-in,351.126,0.875,17.85740,17.85740
zoom-in,351.596,0.469,17.85538,17.85538
zoom-in,353.035,1.440,17.84923,17.84923
zoom-in,353.515,0.480,17.84721,17.84721
zoom-in,353.960,0.445,17.84534,17.84534
zoom-in,354.387,0.427,17.84356,17.84356
zoom-in,354.776,0.389,17.84194,17.84194
zoom-in,355.147,0.371,17.84040,17.84041
zoom-in,355.597,0.450,17.83855,17.83856
zoom-in,356.030,0.433,17.83678,17.83678
zoom-in,356.425,0.394,17.83518,17.83518
zoom-in,356.794,0.369,17.83368,17.83368
zoom-in,357.144,0.351,17.83227,17.83227
zoom-in,357.488,0.343,17.83089,17.83089
zoom-in,357.829,0.342,17.82952,17.82952
zoom-in,358.163,0.334,17.82820,17.82820
zoom-in,358.501,0.339,17.82685,17.82685
zoom-in,358.865,0.364,17.82541,17.82541
zoom-in,359.330,0.465,17.82359,17.82359
zoom-in,360.006,0.676,17.82095,17.82095
zoom-in,360.379,0.373,17.81950,17.81950
zoom-in,360.748,0.369,17.81808,17.81808
zoom-in,361.113,0.365,17.81668,17.81668
zoom-in,361.869,0.756,17.81379,17.81379
zoom-in,362.297,0.428,17.81217,17.81217
zoom-in,363.027,0.731,17.80942,17.80942
zoom-in,363.394,0.366,17.80805,17.80805
zoom-in,363.742,0.348,17.80676,17.80676
zoom-in,364.081,0.340,17.80550,17.80550
zoom-in,364.406,0.324,17.80430,17.80430
zoom-in,364.732,0.326,17.80310,17.80310
zoom-in,365.515,0.783,17.80025,17.80024
zoom-in,367.135,1.620,17.79441,17.79441
zoom-in,368.133,0.998,17.79088,17.79088
zoom-in,370.165,2.032,17.78382,17.78382
zoom-in,370.665,0.500,17.78211,17.78211
zoom-in,371.080,0.415,17.78069,17.78069
zoom-in,371.442,0.362,17.77947,17.77947
zoom-in,371.798,0.356,17.77827,17.77827
zoom-in,372.154,0.356,17.77707,17.77707
zoom-in,372.547,0.393,17.77576,17.77576
zoom-in,372.898,0.351,17.77459,17.77459
zoom-in,373.265,0.367,17.77337,17.77337
zoom-in,373.628,0.362,17.77218,17.77218
zoom-in,373.973,0.345,17.77104,17.77104
zoom-in,374.314,0.341,17.76993,17.76993
zoom-in,374.665,0.351,17.76879,17.76879
zoom-in,375.013,0.349,17.76765,17.76765
zoom-in,375.356,0.343,17.76655,17.76655
zoom-in,375.712,0.356,17.76540,17.76540
zoom-in,376.880,1.169,17.76168,17.76168
zoom-in,377.280,0.400,17.76042,17.76042
zoom-in,377.717,0.436,17.75905,17.75905
zoom-in,378.129,0.413,17.75776,17.75776
zoom-in,378.624,0.495,17.75622,17.75622
zoom-in,379.706,1.083,17.75289,17.75289
zoom-in,380.166,0.460,17.75149,17.75149
zoom-in,380.549,0.383,17.75033,17.75033
zoom-in,380.911,0.362,17.74924,17.74924
zoom-in,381.326,0.415,17.74799,17.74799
zoom-in,381.681,0.355,17.74693,17.74693
zoom-in,382.022,0.342,17.74591,17.74591
zoom-in,382.374,0.351,17.74487,17.74487
zoom-in,382.713,0.340,17.74387,17.74387
zoom-in,383.059,0.346,17.74285,17.74285
zoom-in,383.423,0.364,17.74179,17.74179
zoom-in,383.773,0.350,17.74077,17.74077
zoom-in,384.127,0.354,17.73974,17.73974
zoom-in,385.437,1.310,17.73597,17.73597
zoom-in,386.675,1.238,17.73247,17.73247
zoom-in,387.093,0.418,17.73130,17.73130
zoom-in,387.472,0.379,17.73024,17.73024
zoom-in,387.953,0.481,17.72891,17.72891
zoom-in,388.581,0.628,17.72718,17.72718
zoom-in,389.305,0.724,17.72520,17.72520
zoom-in,389.680,0.375,17.72419,17.72418
zoom-in,390.045,0.365,17.72320,17.72320
zoom-in,390.394,0.349,17.72226,17.72226
zoom-in,390.831,0.437,17.72109,17.72109
zoom-in,391.208,0.377,17.72009,17.72009
zoom-in,391.556,0.348,17.71916,17.71916
zoom-in,391.900,0.344,17.71826,17.71826
zoom-in,392.284,0.384,17.71725,17.71725
zoom-in,392.666,0.382,17.71625,17.71625
zoom-in,393.864,1.199,17.71314,17.71314
zoom-in,394.282,0.418,17.71207,17.71207
zoom-in,394.707,0.425,17.71098,17.71098
zoom-in,395.127,0.420,17.70991,17.70991
zoom-in,396.115,0.988,17.70743,17.70743
zoom-in,396.677,0.562,17.70602,17.70602
zoom-in,397.212,0.535,17.70470,17.70470
zoom-in,398.019,0.807,17.70271,17.70271
zoom-in,398.482,0.463,17.70158,17.70158
zoom-in,399.155,0.673,17.69995,17.69995
zoom-in,399.737,0.582,17.69855,17.69855
zoom-in,400.125,0.388,17.69763,17.69763
zoom-in,400.478,0.353,17.69679,17.69679
zoom-in,400.825,0.348,17.69596,17.69596
zoom-in,402.313,1.488,17.69248,17.69248
zoom-in,402.752,0.439,17.69146,17.69146
zoom-in,403.242,0.490,17.69033,17.69033
zoom-in,403.657,0.415,17.68938,17.68938
zoom-in,404.182,0.526,17.68818,17.68818
zoom-in,404.664,0.481,17.68710,17.68709
zoom-in,408.529,3.866,17.67857,17.67857
zoom-in,408.971,0.442,17.67762,17.67762
zoom-in,409.346,0.375,17.67682,17.67682
zoom-in,410.812,1.466,17.67372,17.67372
zoom-in,411.243,0.431,17.67282,17.67282
zoom-in,411.617,0.374,17.67205,17.67204
zoom-in,411.977,0.360,17.67130,17.67130
zoom-in,412.338,0.361,17.67056,17.67055
zoom-in,412.698,0.360,17.66982,17.66982
zoom-in,413.066,0.368,17.66907,17.66906
zoom-in,413.410,0.345,17.66836,17.66836
zoom-in,413.749,0.338,17.66768,17.66768
zoom-in,414.094,0.346,17.66698,17.66698
zoom-in,414.444,0.350,17.66628,17.66628
zoom-in,415.306,0.862,17.66456,17.66456
zoom-in,415.707,0.401,17.66376,17.66376
zoom-in,416.149,0.442,17.66289,17.66289
zoom-in,416.888,0.739,17.66145,17.66145
zoom-in,417.285,0.397,17.66068,17.66068
zoom-in,417.667,0.381,17.65994,17.65994
zoom-in,419.033,1.366,17.65733,17.65733
zoom-in,419.411,0.378,17.65661,17.65661
zoom-in,419.752,0.341,17.65597,17.65597
zoom-in,420.101,0.349,17.65532,17.65532
zoom-in,420.455,0.354,17.65466,17.65465
zoom-in,420.797,0.342,17.65402,17.65402
zoom-in,421.141,0.344,17.65338,17.65338
zoom-in,421.520,0.379,17.65268,17.65268
zoom-in,422.007,0.486,17.65179,17.65179
zoom-in,422.531,0.524,17.65083,17.65083
zoom-in,422.913,0.382,17.65014,17.65014
zoom-in,423.284,0.372,17.64947,17.64947
zoom-in,423.644,0.359,17.64882,17.64883
zoom-in,424.012,0.369,17.64816,17.64817
zoom-in,424.365,0.352,17.64754,17.64754
zoom-in,424.703,0.338,17.64694,17.64694
zoom-in,425.029,0.326,17.64636,17.64636
zoom-in,425.361,0.332,17.64578,17.64578
zoom-in,425.698,0.337,17.64519,17.64519
zoom-in,427.984,2.286,17.64124,17.64124
zoom-in,428.777,0.793,17.63990,17.63990
zoom-in,429.261,0.484,17.63908,17.63908
zoom-in,429.657,0.396,17.63842,17.63842
zoom-in,430.188,0.531,17.63754,17.63754
zoom-in,431.114,0.926,17.63601,17.63601
zoom-in,431.578,0.464,17.63526,17.63526
zoom-in,432.105,0.527,17.63440,17.63440
zoom-in,432.480,0.375,17.63379,17.63379
zoom-in,432.836,0.356,17.63322,17.63322
zoom-in,433.343,0.506,17.63241,17.63241
zoom-in,433.708,0.365,17.63183,17.63183
zoom-in,434.069,0.362,17.63126,17.63126
zoom-in,434.536,0.467,17.63052,17.63052
zoom-in,436.174,1.638,17.62797,17.62797
zoom-in,436.572,0.398,17.62736,17.62736
zoom-in,436.933,0.361,17.62681,17.62681
zoom-in,437.340,0.407,17.62619,17.62619
zoom-in,437.765,0.425,17.62554,17.62554
zoom-in,438.169,0.404,17.62493,17.62493
zoom-in,438.527,0.358,17.62440,17.62440
zoom-in,438.869,0.342,17.62389,17.62389
zoom-in,439.254,0.385,17.62331,17.62331
zoom-in,439.608,0.354,17.62279,17.62279
zoom-in,439.978,0.370,17.62224,17.62224
zoom-in,440.320,0.343,17.62174,17.62174
zoom-in,441.017,0.696,17.62072,17.62072
zoom-in,441.383,0.366,17.62019,17.62019
zoom-in,441.725,0.342,17.61970,17.61970
zoom-in,442.095,0.370,17.61917,17.61917
zoom-in,442.631,0.536,17.61840,17.61840
zoom-in,443.391,0.760,17.61732,17.61732
zoom-in,443.772,0.381,17.61678,17.61678
zoom-in,444.138,0.366,17.61627,17.61627
zoom-in,444.486,0.348,17.61578,17.61578
zoom-in,444.838,0.351,17.61529,17.61529
zoom-in,445.168,0.331,17.61484,17.61484
zoom-in,447.141,1.973,17.61214,17.61214
zoom-in,447.787,0.646,17.61127,17.61127
zoom-in,448.705,0.918,17.61005,17.61005
zoom-in,449.128,0.423,17.60949,17.60949
zoom-in,449.508,0.379,17.60899,17.60899
zoom-in,449.918,0.411,17.60845,17.60845
zoom-in,450.333,0.414,17.60792,17.60791
zoom-in,450.719,0.386,17.60741,17.60741
zoom-in,451.123,0.404,17.60689,17.60689
zoom-in,453.074,1.950,17.60441,17.60441
zoom-in,453.630,0.556,17.60372,17.60372
zoom-in,454.051,0.422,17.60319,17.60319
zoom-in,454.420,0.369,17.60273,17.60273
zoom-in,454.773,0.353,17.60230,17.60230
zoom-in,455.112,0.339,17.60188,17.60188
zoom-in,455.495,0.383,17.60141,17.60141
zoom-in,455.877,0.381,17.60095,17.60095
zoom-in,456.454,0.577,17.60025,17.60025
zoom-in,456.853,0.400,17.59977,17.59977
zoom-in,457.274,0.421,17.59927,17.59927
zoom-in,457.632,0.358,17.59884,17.59884
zoom-in,457.977,0.345,17.59843,17.59843
zoom-in,458.403,0.426,17.59793,17.59793
zoom-in,458.824,0.421,17.59743,17.59743
zoom-in,459.241,0.417,17.59694,17.59694
zoom-in,460.135,0.894,17.59591,17.59591
zoom-in,460.543,0.408,17.59544,17.59544
zoom-in,460.907,0.364,17.59502,17.59502
zoom-in,461.306,0.399,17.59457,17.59456
zoom-in,461.680,0.375,17.59414,17.59414
zoom-in,462.078,0.397,17.59369,17.59369
zoom-in,462.574,0.497,17.59313,17.59313
zoom-in,463.075,0.501,17.59257,17.59257
zoom-in,463.512,0.437,17.59209,17.59209
zoom-in,463.886,0.375,17.59167,17.59167
zoom-in,464.248,0.362,17.59128,17.59128
zoom-in,466.021,1.773,17.58935,17.58935
zoom-in,467.993,1.972,17.58726,17.58725
zoom-in,469.851,1.858,17.58533,17.58533
zoom-in,470.503,0.653,17.58466,17.58466
zoom-in,471.055,0.552,17.58410,17.58410
zoom-in,471.709,0.653,17.58344,17.58344
zoom-in,472.106,0.397,17.58304,17.58304
zoom-in,472.678,0.572,17.58247,17.58247
zoom-in,473.156,0.477,17.58200,17.58200
zoom-in,473.543,0.387,17.58162,17.58162
zoom-in,473.905,0.362,17.58127,17.58127
zoom-in,474.254,0.349,17.58092,17.58093
zoom-in,474.813,0.560,17.58038,17.58038
zoom-in,475.203,0.390,17.58001,17.58001
zoom-in,475.581,0.378,17.57964,17.57964
zoom-in,476.020,0.439,17.57922,17.57922
zoom-in,477.288,1.268,17.57802,17.57802
zoom-in,477.758,0.469,17.57759,17.57759
zoom-in,478.136,0.378,17.57723,17.57723
zoom-in,478.507,0.372,17.57689,17.57689
zoom-in,479.087,0.579,17.57635,17.57636
zoom-in,479.430,0.343,17.57604,17.57604
zoom-in,479.793,0.363,17.57571,17.57571
zoom-in,480.147,0.355,17.57539,17.57539
zoom-in,480.494,0.347,17.57507,17.57507
zoom-in,480.847,0.352,17.57475,17.57476
zoom-in,481.197,0.350,17.57444,17.57444
zoom-in,481.569,0.372,17.57411,17.57411
zoom-in,482.028,0.459,17.57370,17.57370
zoom-in,482.411,0.384,17.57336,17.57336
zoom-in,482.765,0.354,17.57305,17.57305
zoom-in,483.129,0.364,17.57273,17.57273
zoom-in,484.948,1.818,17.57116,17.57116
zoom-in,485.395,0.447,17.57078,17.57078
zoom-in,485.794,0.399,17.57044,17.57044
zoom-in,486.157,0.363,17.57013,17.57013
zoom-in,487.717,1.560,17.56883,17.56883
zoom-in,488.140,0.423,17.56848,17.56848
zoom-in,488.490,0.350,17.56819,17.56819
zoom-in,488.903,0.413,17.56785,17.56785
zoom-in,489.262,0.360,17.56756,17.56756
zoom-in,489.626,0.364,17.56727,17.56727
zoom-in,489.956,0.331,17.56700,17.56700
zoom-in,490.526,0.570,17.56654,17.56654
zoom-in,490.929,0.403,17.56622,17.56622
zoom-in,491.317,0.389,17.56591,17.56591
zoom-in,491.670,0.353,17.56564,17.56563
zoom-in,492.074,0.404,17.56532,17.56532
zoom-in,492.652,0.579,17.56486,17.56486
zoom-in,493.781,1.129,17.56399,17.56399
zoom-in,494.266,0.485,17.56362,17.56362
zoom-in,494.785,0.519,17.56322,17.56322
zoom-in,496.146,1.361,17.56219,17.56220
zoom-in,496.879,0.733,17.56165,17.56165
zoom-in,497.351,0.472,17.56130,17.56130
zoom-in,498.023,0.672,17.56081,17.56081
zoom-in,498.456,0.433,17.56049,17.56049
zoom-in,498.855,0.399,17.56020,17.56020
zoom-in,499.210,0.356,17.55995,17.55995
zoom-in,499.596,0.386,17.55967,17.55967
zoom-in,499.995,0.399,17.55938,17.55938
zoom-in,500.361,0.366,17.55912,17.55912
zoom-in,501.051,0.691,17.55863,17.55863
zoom-in,501.431,0.380,17.55837,17.55837
zoom-in,502.620,1.188,17.55754,17.55754
zoom-in,502.992,0.372,17.55728,17.55728
zoom-in,504.477,1.486,17.55627,17.55627
zoom-in,504.858,0.381,17.55601,17.55601
zoom-in,505.202,0.344,17.55578,17.55578
zoom-in,505.549,0.346,17.55555,17.55555
zoom-in,506.031,0.482,17.55523,17.55523
zoom-in,506.441,0.410,17.55496,17.55496
zoom-in,506.922,0.481,17.55464,17.55464
zoom-in,507.336,0.415,17.55437,17.55437
zoom-in,507.759,0.423,17.55409,17.55409
zoom-in,508.189,0.430,17.55381,17.55381
zoom-in,508.602,0.413,17.55355,17.55355
zoom-in,508.967,0.365,17.55331,17.55331
zoom-in,509.326,0.360,17.55308,17.55308
zoom-in,510.482,1.156,17.55235,17.55235
zoom-in,510.889,0.406,17.55210,17.55210
zoom-in,511.310,0.422,17.55183,17.55183
zoom-in,511.697,0.387,17.55159,17.55159
zoom-in,512.578,0.881,17.55105,17.55105
zoom-in,513.306,0.727,17.55060,17.55060
zoom-in,513.854,0.548,17.55027,17.55027
zoom-in,514.278,0.424,17.55002,17.55002
zoom-in,514.674,0.396,17.54978,17.54978
zoom-in,515.493,0.819,17.54929,17.54929
zoom-in,515.950,0.458,17.54902,17.54902
zoom-in,516.410,0.460,17.54875,17.54875
zoom-in,516.785,0.375,17.54853,17.54853
zoom-in,517.134,0.349,17.54833,17.54833
zoom-in,517.486,0.352,17.54813,17.54812
zoom-in,519.469,1.983,17.54699,17.54699
zoom-in,520.156,0.687,17.54660,17.54661
zoom-in,520.594,0.438,17.54636,17.54636
zoom-in,520.967,0.373,17.54615,17.54615
zoom-in,521.424,0.457,17.54590,17.54590
zoom-in,521.861,0.436,17.54566,17.54566
zoom-in,522.271,0.410,17.54544,17.54544
zoom-in,524.184,1.913,17.54440,17.54440
zoom-in,524.819,0.634,17.54407,17.54407
zoom-in,525.333,0.514,17.54379,17.54379
zoom-in,526.413,1.081,17.54323,17.54323
zoom-in,527.361,0.948,17.54274,17.54274
zoom-in,528.182,0.821,17.54232,17.54232
zoom-in,529.192,1.011,17.54181,17.54181
zoom-in,529.719,0.527,17.54155,17.54155
zoom-in,530.270,0.550,17.54127,17.54127
zoom-in,530.741,0.471,17.54104,17.54104
zoom-in,531.137,0.396,17.54085,17.54084
zoom-in,531.516,0.379,17.54066,17.54066
zoom-in,531.878,0.362,17.54048,17.54048
zoom-in,532.403,0.525,17.54023,17.54023
zoom-in,532.917,0.514,17.53998,17.53998
zoom-in,533.293,0.375,17.53980,17.53980
zoom-in,533.647,0.354,17.53963,17.53963
zoom-in,533.996,0.350,17.53947,17.53947
zoom-in,534.356,0.359,17.53930,17.53930
zoom-in,535.674,1.319,17.53868,17.53868
zoom-in,536.111,0.437,17.53848,17.53848
zoom-in,536.468,0.356,17.53831,17.53831
zoom-in,536.815,0.348,17.53815,17.53815
zoom-in,537.192,0.377,17.53798,17.53798
zoom-in,537.615,0.423,17.53779,17.53779
zoom-in,537.984,0.369,17.53762,17.53762
zoom-in,538.477,0.492,17.53740,17.53740
zoom-in,539.064,0.588,17.53713,17.53713
zoom-in,539.499,0.435,17.53694,17.53694
zoom-in,540.042,0.543,17.53670,17.53670
zoom-in,540.402,0.360,17.53654,17.53654
zoom-in,540.850,0.449,17.53635,17.53635
zoom-in,541.230,0.380,17.53618,17.53618
zoom-in,541.581,0.351,17.53603,17.53603
zoom-in,541.910,0.330,17.53589,17.53589
zoom-in,543.880,1.970,17.53505,17.53505
zoom-in,544.366,0.486,17.53484,17.53484
zoom-in,545.691,1.324,17.53429,17.53429
zoom-in,546.277,0.587,17.53405,17.53405
zoom-in,547.457,1.180,17.53357,17.53357
zoom-in,547.867,0.410,17.53341,17.53341
zoom-in,548.360,0.493,17.53321,17.53321
zoom-in,548.804,0.444,17.53304,17.53303
zoom-in,549.208,0.404,17.53287,17.53287
zoom-in,549.587,0.379,17.53273,17.53273
zoom-in,550.003,0.416,17.53256,17.53256
zoom-in,550.435,0.432,17.53239,17.53239
zoom-in,550.821,0.386,17.53224,17.53224
zoom-in,551.179,0.358,17.53211,17.53211
zoom-in,552.926,1.747,17.53144,17.53144
zoom-in,553.384,0.458,17.53127,17.53127
zoom-in,553.902,0.518,17.53107,17.53107
zoom-in,556.302,2.400,17.53019,17.53019
zoom-in,557.745,1.443,17.52967,17.52967
zoom-in,558.850,1.105,17.52928,17.52928
zoom-in,559.583,0.733,17.52902,17.52902
zoom-in,559.991,0.408,17.52888,17.52888
zoom-in,560.399,0.408,17.52874,17.52874
zoom-in,560.771,0.372,17.52861,17.52861
zoom-in,561.145,0.374,17.52848,17.52848
zoom-in,561.528,0.383,17.52835,17.52835
zoom-in,562.018,0.490,17.52819,17.52819
zoom-in,562.563,0.545,17.52800,17.52800
zoom-in,564.607,2.043,17.52732,17.52732
zoom-in,565.472,0.865,17.52704,17.52704
zoom-in,565.855,0.383,17.52692,17.52692
zoom-in,566.217,0.362,17.52680,17.52680
zoom-in,566.614,0.396,17.52667,17.52667
zoom-in,567.010,0.397,17.52655,17.52655
zoom-in,567.450,0.440,17.52641,17.52641
zoom-in,568.010,0.560,17.52623,17.52623
zoom-in,568.471,0.461,17.52608,17.52608
zoom-in,570.499,2.028,17.52546,17.52546
zoom-in,571.010,0.511,17.52530,17.52530
zoom-in,571.409,0.399,17.52518,17.52518
zoom-in,571.765,0.357,17.52507,17.52507
zoom-in,572.116,0.351,17.52497,17.52497
zoom-in,572.509,0.393,17.52485,17.52485
zoom-in,572.905,0.396,17.52473,17.52473
zoom-in,573.281,0.376,17.52462,17.52462
zoom-in,573.767,0.487,17.52448,17.52448
zoom-in,574.380,0.613,17.52430,17.52430
zoom-in,574.889,0.509,17.52415,17.52415
zoom-in,575.692,0.803,17.52392,17.52392
zoom-in,576.586,0.895,17.52366,17.52366
zoom-in,576.953,0.367,17.52356,17.52356
zoom-in,577.315,0.362,17.52346,17.52346
zoom-in,577.671,0.356,17.52336,17.52336
zoom-in,578.031,0.360,17.52326,17.52326
zoom-in,578.375,0.344,17.52316,17.52316
zoom-in,578.796,0.421,17.52304,17.52304
zoom-in,580.508,1.712,17.52257,17.52257
zoom-in,580.929,0.421,17.52246,17.52246
zoom-in,581.274,0.345,17.52237,17.52237
zoom-in,582.929,1.655,17.52193,17.52193
zoom-in,583.461,0.532,17.52179,17.52179
zoom-in,583.854,0.393,17.52169,17.52169
zoom-in,584.241,0.388,17.52159,17.52158
zoom-in,586.705,2.464,17.52096,17.52096
zoom-in,587.396,0.691,17.52078,17.52078
zoom-in,587.831,0.435,17.52067,17.52067
zoom-in,588.202,0.371,17.52058,17.52058
zoom-in,588.561,0.360,17.52049,17.52049
zoom-in,588.926,0.365,17.52040,17.52040
zoom-in,589.275,0.348,17.52032,17.52032
zoom-in,589.610,0.335,17.52024,17.52024
zoom-in,589.953,0.343,17.52015,17.52015
zoom-in,590.298,0.345,17.52007,17.52007
zoom-in,590.721,0.423,17.51997,17.51997
zoom-in,591.149,0.428,17.51987,17.51987
zoom-in,591.524,0.375,17.51978,17.51978
zoom-in,591.889,0.365,17.51969,17.51969
zoom-in,592.297,0.408,17.51960,17.51959
zoom-in,592.701,0.404,17.51950,17.51950
zoom-in,593.538,0.837,17.51931,17.51930
zoom-in,593.958,0.420,17.51921,17.51921
zoom-in,594.332,0.374,17.51912,17.51912
zoom-in,594.696,0.364,17.51904,17.51904
zoom-in,595.159,0.463,17.51893,17.51893
zoom-in,595.769,0.610,17.51880,17.51879
zoom-in,597.478,1.709,17.51841,17.51841
zoom-in,597.919,0.442,17.51832,17.51832
zoom-in,598.468,0.549,17.51820,17.51820
zoom-in,598.838,0.370,17.51811,17.51811
zoom-in,599.201,0.363,17.51803,17.51804
zoom-in,599.547,0.346,17.51796,17.51796
zoom-in,599.879,0.332,17.51789,17.51789
zoom-in,600.207,0.328,17.51782,17.51782
zoom-in,600.558,0.351,17.51774,17.51774
zoom-in,602.776,2.217,17.51728,17.51728
zoom-in,603.350,0.575,17.51716,17.51716
zoom-in,603.736,0.386,17.51708,17.51708
zoom-in,604.107,0.371,17.51700,17.51700
zoom-in,604.456,0.349,17.51693,17.51693
zoom-in,604.864,0.408,17.51685,17.51685
zoom-in,605.249,0.385,17.51677,17.51677
zoom-in,605.653,0.404,17.51669,17.51669
zoom-in,605.998,0.346,17.51662,17.51662
zoom-in,606.335,0.337,17.51656,17.51656
zoom-in,606.665,0.330,17.51649,17.51649
zoom-in,607.003,0.339,17.51642,17.51642
zoom-in,607.343,0.340,17.51636,17.51636
zoom-in,607.673,0.329,17.51629,17.51629
zoom-in,607.996,0.324,17.51623,17.51623
zoom-in,608.418,0.421,17.51615,17.51615
zoom-in,608.774,0.356,17.51608,17.51608
zoom-in,609.345,0.571,17.51597,17.51597
zoom-in,611.167,1.822,17.51562,17.51562
zoom-in,611.681,0.514,17.51553,17.51553
zoom-in,612.088,0.407,17.51545,17.51545
zoom-in,613.397,1.309,17.51521,17.51521
zoom-in,613.802,0.405,17.51513,17.51514
zoom-in,614.168,0.366,17.51507,17.51507
zoom-in,614.520,0.352,17.51501,17.51501
zoom-in,614.967,0.448,17.51493,17.51493
zoom-in,615.372,0.405,17.51485,17.51485
zoom-in,615.751,0.379,17.51479,17.51479
zoom-in,617.281,1.529,17.51452,17.51452
zoom-in,617.884,0.603,17.51441,17.51441
zoom-in,619.105,1.221,17.51420,17.51420
zoom-in,619.584,0.479,17.51412,17.51412
zoom-in,619.986,0.402,17.51405,17.51405
zoom-in,620.342,0.356,17.51399,17.51399
zoom-in,620.677,0.336,17.51394,17.51394
zoom-in,622.495,1.818,17.51364,17.51364
zoom-in,623.066,0.571,17.51354,17.51354
zoom-in,623.589,0.523,17.51346,17.51346
zoom-in,624.039,0.450,17.51339,17.51339
zoom-in,624.408,0.369,17.51333,17.51333
zoom-in,624.759,0.351,17.51327,17.51327
zoom-in,625.098,0.339,17.51322,17.51322
zoom-in,625.438,0.341,17.51316,17.51316
zoom-in,625.800,0.362,17.51311,17.51311
zoom-in,626.206,0.406,17.51304,17.51304
zoom-in,627.135,0.928,17.51290,17.51290
zoom-in,627.548,0.413,17.51283,17.51283
zoom-in,627.980,0.432,17.51277,17.51277
zoom-in,628.400,0.420,17.51270,17.51270
zoom-in,629.864,1.465,17.51248,17.51248
zoom-in,630.399,0.535,17.51240,17.51240
zoom-in,630.790,0.390,17.51234,17.51234
zoom-in,631.155,0.365,17.51229,17.51229
zoom-in,631.498,0.343,17.51224,17.51224
zoom-in,631.832,0.335,17.51219,17.51219
zoom-in,632.168,0.336,17.51214,17.51214
zoom-in,632.532,0.364,17.51209,17.51209
zoom-in,632.875,0.343,17.51204,17.51204
zoom-in,633.518,0.643,17.51195,17.51195
zoom-in,634.093,0.575,17.51186,17.51186
zoom-in,636.030,1.937,17.51159,17.51159
zoom-in,636.752,0.722,17.51149,17.51149
zoom-in,637.270,0.518,17.51142,17.51142
zoom-in,637.884,0.614,17.51134,17.51134
zoom-in,638.288,0.404,17.51128,17.51128
zoom-in,638.671,0.383,17.51123,17.51123
zoom-in,639.028,0.358,17.51118,17.51118
zoom-in,639.400,0.372,17.51113,17.51113
zoom-in,639.749,0.350,17.51109,17.51108
zoom-in,640.109,0.359,17.51104,17.51104
zoom-in,640.466,0.357,17.51099,17.51099
zoom-in,642.673,2.207,17.51070,17.51070
zoom-in,643.179,0.506,17.51064,17.51064
zoom-in,643.564,0.385,17.51059,17.51059
zoom-in,643.936,0.372,17.51054,17.51054
zoom-in,644.989,1.054,17.51041,17.51041
zoom-in,645.538,0.549,17.51034,17.51034
zoom-in,647.644,2.106,17.51008,17.51008
zoom-in,648.123,0.479,17.51002,17.51002
zoom-in,648.690,0.567,17.50996,17.50996
zoom-in,649.189,0.499,17.50990,17.50990
zoom-in,649.634,0.445,17.50984,17.50984
zoom-in,650.165,0.532,17.50978,17.50978
zoom-in,650.527,0.362,17.50974,17.50974
zoom-in,650.881,0.354,17.50970,17.50970
zoom-in,652.595,1.714,17.50950,17.50950
zoom-in,653.210,0.615,17.50943,17.50943
zoom-in,653.635,0.425,17.50938,17.50938
zoom-in,654.026,0.391,17.50934,17.50934
zoom-in,654.392,0.366,17.50930,17.50930
zoom-in,654.781,0.389,17.50925,17.50925
zoom-in,655.135,0.354,17.50922,17.50922
zoom-in,655.475,0.341,17.50918,17.50918
zoom-in,655.880,0.405,17.50913,17.50913
zoom-in,656.272,0.392,17.50909,17.50909
zoom-in,656.626,0.354,17.50905,17.50905
zoom-in,656.972,0.345,17.50901,17.50901
zoom-in,657.439,0.467,17.50896,17.50896
zoom-in,657.836,0.397,17.50892,17.50892
zoom-in,658.203,0.367,17.50888,17.50888
zoom-in,658.554,0.350,17.50885,17.50885
zoom-in,659.104,0.550,17.50879,17.50879
zoom-in,659.503,0.399,17.50875,17.50874
zoom-in,660.044,0.541,17.50869,17.50869
zoom-in,662.259,2.215,17.50846,17.50846
zoom-in,662.670,0.411,17.50842,17.50842
zoom-in,663.159,0.489,17.50837,17.50837
zoom-in,663.667,0.508,17.50832,17.50832
zoom-in,664.083,0.417,17.50828,17.50828
zoom-in,664.477,0.394,17.50824,17.50824
zoom-in,664.851,0.374,17.50820,17.50820
zoom-in,665.210,0.358,17.50817,17.50817
zoom-in,665.595,0.385,17.50813,17.50813
zoom-in,666.476,0.881,17.50804,17.50804
zoom-in,666.868,0.392,17.50801,17.50801
zoom-in,667.225,0.357,17.50797,17.50797
zoom-in,667.576,0.352,17.50794,17.50794
zoom-in,669.428,1.852,17.50776,17.50776
zoom-in,669.828,0.400,17.50772,17.50773
zoom-in,670.226,0.398,17.50769,17.50769
zoom-in,670.589,0.363,17.50766,17.50766
zoom-in,670.940,0.351,17.50762,17.50762
zoom-in,671.283,0.343,17.50759,17.50759
zoom-in,671.616,0.333,17.50756,17.50756
zoom-in,671.962,0.346,17.50753,17.50753
zoom-in,672.311,0.349,17.50750,17.50750
zoom-in,672.648,0.337,17.50747,17.50747
zoom-in,673.026,0.379,17.50743,17.50743
zoom-in,673.443,0.417,17.50740,17.50740
zoom-in,673.805,0.362,17.50737,17.50737
zoom-in,674.177,0.372,17.50733,17.50733
zoom-in,674.562,0.385,17.50730,17.50730
zoom-in,674.916,0.355,17.50727,17.50727
zoom-in,675.273,0.357,17.50724,17.50724
zoom-in,675.721,0.447,17.50720,17.50720
zoom-in,676.125,0.404,17.50716,17.50716
zoom-in,677.703,1.578,17.50703,17.50703
zoom-in,682.037,4.334,17.50667,17.50667
zoom-in,682.639,0.601,17.50662,17.50662
zoom-in,683.263,0.625,17.50658,17.50658
zoom-in,683.688,0.425,17.50654,17.50654
zoom-in,684.066,0.378,17.50651,17.50651
zoom-in,684.435,0.369,17.50648,17.50648
zoom-in,686.296,1.861,17.50634,17.50634
zoom-in,686.715,0.420,17.50631,17.50631
zoom-in,687.094,0.379,17.50628,17.50628
zoom-in,687.439,0.345,17.50625,17.50625
zoom-in,687.784,0.345,17.50623,17.50623
zoom-in,688.218,0.434,17.50620,17.50620
zoom-in,688.747,0.529,17.50616,17.50616
zoom-in,689.568,0.821,17.50610,17.50610
zoom-in,689.959,0.391,17.50607,17.50607
zoom-in,690.318,0.359,17.50604,17.50604
zoom-in,690.669,0.351,17.50602,17.50602
zoom-in,691.004,0.335,17.50599,17.50599
zoom-in,691.419,0.415,17.50596,17.50596
zoom-in,691.772,0.352,17.50594,17.50594
zoom-in,692.187,0.415,17.50591,17.50591
zoom-in,692.605,0.418,17.50588,17.50588
zoom-in,693.145,0.540,17.50584,17.50584
zoom-in,693.552,0.407,17.50581,17.50581
zoom-in,694.008,0.456,17.50578,17.50578
zoom-in,694.398,0.390,17.50575,17.50575
zoom-in,694.937,0.539,17.50572,17.50572
zoom-in,695.864,0.927,17.50565,17.50565
zoom-in,700.912,5.048,17.50532,17.50532
zoom-in,701.638,0.726,17.50527,17.50527
zoom-in,703.632,1.994,17.50515,17.50515
zoom-in,704.189,0.557,17.50512,17.50511
zoom-in,705.070,0.881,17.50506,17.50506
zoom-in,705.479,0.409,17.50504,17.50504
zoom-in,705.978,0.499,17.50501,17.50501
zoom-in,706.409,0.430,17.50498,17.50498
zoom-in,706.796,0.388,17.50496,17.50496
zoom-in,707.180,0.383,17.50493,17.50493
zoom-in,707.641,0.462,17.50491,17.50491
zoom-in,708.250,0.609,17.50487,17.50487
zoom-in,709.065,0.814,17.50482,17.50482
zoom-in,709.974,0.910,17.50477,17.50477
zoom-in,710.382,0.407,17.50475,17.50475
zoom-in,710.785,0.403,17.50472,17.50473
zoom-in,711.187,0.402,17.50470,17.50470
zoom-in,711.566,0.379,17.50468,17.50468
zoom-in,712.146,0.580,17.50465,17.50465
zoom-in,712.779,0.633,17.50461,17.50461
zoom-in,713.577,0.798,17.50457,17.50457
zoom-in,714.148,0.572,17.50454,17.50454
zoom-in,714.726,0.578,17.50451,17.50451
zoom-in,715.155,0.429,17.50448,17.50448
zoom-in,715.557,0.402,17.50446,17.50446
zoom-in,716.376,0.820,17.50442,17.50442
zoom-in,716.804,0.428,17.50440,17.50440
zoom-in,717.158,0.354,17.50438,17.50438
zoom-in,717.507,0.349,17.50436,17.50436
zoom-in,719.298,1.791,17.50427,17.50427
zoom-in,719.652,0.354,17.50425,17.50425
zoom-in,720.662,1.011,17.50420,17.50420
zoom-in,721.128,0.466,17.50418,17.50417
zoom-in,721.534,0.405,17.50415,17.50415
zoom-in,721.970,0.437,17.50413,17.50413
zoom-in,722.457,0.486,17.50411,17.50411
zoom-in,722.870,0.413,17.50409,17.50409
zoom-in,723.248,0.378,17.50407,17.50407
zoom-in,723.621,0.373,17.50405,17.50405
zoom-in,723.992,0.371,17.50403,17.50403
zoom-in,724.468,0.476,17.50401,17.50401
zoom-in,724.850,0.382,17.50399,17.50399
zoom-in,725.265,0.414,17.50397,17.50397
zoom-in,725.734,0.469,17.50395,17.50395
zoom-in,726.166,0.432,17.50393,17.50393
zoom-in,727.257,1.092,17.50388,17.50388
zoom-in,727.696,0.439,17.50386,17.50386
zoom-in,728.103,0.406,17.50384,17.50384
zoom-in,728.493,0.391,17.50382,17.50382
zoom-in,729.308,0.814,17.50378,17.50378
zoom-in,729.883,0.576,17.50376,17.50376
zoom-in,730.274,0.391,17.50374,17.50374
zoom-in,730.656,0.382,17.50372,17.50372
zoom-in,731.037,0.381,17.50370,17.50371
zoom-in,731.422,0.385,17.50369,17.50369
zoom-in,731.795,0.373,17.50367,17.50367
zoom-in,732.349,0.553,17.50365,17.50365
zoom-in,732.763,0.415,17.50363,17.50363
zoom-in,733.152,0.389,17.50361,17.50361
zoom-in,733.552,0.400,17.50360,17.50360
zoom-in,733.937,0.385,17.50358,17.50358
zoom-in,734.312,0.375,17.50356,17.50356
zoom-in,735.818,1.506,17.50350,17.50350
zoom-in,736.253,0.435,17.50348,17.50348
zoom-in,736.619,0.367,17.50347,17.50347
zoom-in,736.967,0.348,17.50345,17.50345
zoom-in,737.672,0.705,17.50342,17.50342
zoom-in,738.007,0.335,17.50341,17.50341
zoom-in,738.347,0.340,17.50340,17.50339
zoom-in,738.680,0.333,17.50338,17.50338
zoom-in,739.031,0.350,17.50337,17.50337
zoom-in,739.354,0.324,17.50336,17.50335
zoom-in,739.686,0.332,17.50334,17.50334
zoom-in,740.011,0.325,17.50333,17.50333
zoom-in,740.325,0.314,17.50331,17.50331
zoom-in,742.408,2.083,17.50323,17.50323
zoom-in,743.009,0.600,17.50321,17.50321
zoom-in,743.488,0.480,17.50319,17.50319
zoom-in,745.228,1.739,17.50312,17.50313
zoom-in,745.919,0.692,17.50310,17.50310
zoom-in,746.371,0.451,17.50308,17.50308
zoom-in,746.741,0.371,17.50307,17.50307
zoom-in,747.090,0.349,17.50306,17.50306
zoom-in,747.624,0.534,17.50304,17.50304
zoom-in,748.550,0.926,17.50300,17.50300
zoom-in,748.975,0.425,17.50299,17.50299
zoom-in,749.371,0.396,17.50298,17.50297
zoom-in,749.814,0.443,17.50296,17.50296
zoom-in,750.203,0.390,17.50294,17.50294
zoom-in,750.565,0.362,17.50293,17.50293
zoom-in,752.251,1.686,17.50287,17.50287
zoom-in,753.013,0.761,17.50285,17.50285
zoom-in,753.416,0.403,17.50283,17.50283
zoom-in,753.762,0.346,17.50282,17.50282
zoom-in,754.108,0.346,17.50281,17.50281
zoom-in,754.637,0.529,17.50279,17.50279
zoom-in,754.990,0.353,17.50278,17.50278
zoom-in,755.337,0.347,17.50277,17.50277
zoom-in,755.684,0.347,17.50276,17.50276
zoom-in,756.079,0.395,17.50274,17.50274
zoom-in,756.561,0.482,17.50273,17.50273
zoom-in,756.933,0.373,17.50272,17.50272
zoom-in,757.295,0.361,17.50270,17.50270
zoom-in,757.646,0.351,17.50269,17.50269
zoom-in,758.014,0.368,17.50268,17.50268
zoom-in,758.410,0.396,17.50267,17.50267
zoom-in,758.785,0.375,17.50266,17.50266
zoom-in,759.140,0.355,17.50265,17.50264
zoom-in,759.917,0.778,17.50262,17.50262
zoom-in,760.269,0.352,17.50261,17.50261
zoom-in,760.599,0.330,17.50260,17.50260
zoom-in,762.711,2.112,17.50253,17.50253
zoom-in,763.390,0.678,17.50251,17.50251
zoom-in,764.441,1.051,17.50248,17.50248
zoom-in,764.848,0.407,17.50247,17.50247
zoom-in,765.229,0.381,17.50246,17.50246
zoom-in,765.584,0.355,17.50245,17.50245
zoom-in,766.416,0.832,17.50242,17.50242
zoom-in,766.814,0.398,17.50241,17.50241
zoom-in,767.177,0.363,17.50240,17.50240
zoom-in,769.696,2.519,17.50233,17.50233
zoom-in,770.575,0.879,17.50231,17.50231
zoom-in,771.001,0.426,17.50229,17.50229
zoom-in,771.376,0.375,17.50229,17.50228
zoom-in,771.723,0.347,17.50227,17.50227
zoom-in,772.104,0.381,17.50226,17.50226
zoom-in,772.579,0.475,17.50225,17.50225
zoom-in,772.932,0.353,17.50224,17.50224
zoom-in,773.319,0.387,17.50223,17.50223
zoom-in,773.727,0.408,17.50222,17.50222
zoom-in,774.107,0.380,17.50221,17.50221
zoom-in,774.573,0.466,17.50220,17.50220
zoom-in,775.261,0.688,17.50218,17.50218
zoom-in,775.885,0.623,17.50216,17.50216
zoom-in,776.597,0.712,17.50214,17.50215
zoom-in,776.961,0.364,17.50214,17.50214
zoom-in,777.328,0.368,17.50213,17.50213
zoom-in,777.666,0.338,17.50212,17.50212
zoom-in,778.197,0.531,17.50211,17.50210
zoom-in,778.591,0.394,17.50209,17.50209
zoom-in,778.973,0.382,17.50208,17.50208
zoom-in,779.906,0.933,17.50206,17.50206
zoom-in,780.366,0.460,17.50205,17.50205
zoom-in,780.738,0.372,17.50204,17.50204
zoom-in,782.833,2.095,17.50199,17.50199
zoom-in,783.298,0.465,17.50198,17.50198
zoom-in,783.701,0.402,17.50197,17.50197
zoom-in,784.115,0.414,17.50196,17.50196
zoom-in,784.487,0.372,17.50195,17.50195
zoom-in,787.173,2.686,17.50189,17.50189
zoom-in,787.716,0.543,17.50188,17.50188
zoom-in,788.113,0.397,17.50187,17.50187
zoom-in,788.463,0.350,17.50186,17.50186
zoom-in,788.802,0.339,17.50185,17.50185
zoom-in,789.141,0.339,17.50185,17.50185
zoom-in,789.476,0.335,17.50184,17.50184
zoom-in,789.804,0.328,17.50183,17.50183
zoom-in,790.196,0.392,17.50182,17.50182
zoom-in,790.577,0.381,17.50181,17.50181
zoom-in,790.942,0.366,17.50181,17.50181
zoom-in,791.284,0.342,17.50180,17.50180
zoom-in,791.626,0.341,17.50179,17.50179
zoom-in,791.992,0.366,17.50178,17.50178
zoom-in,793.455,1.463,17.50175,17.50175
zoom-in,793.888,0.433,17.50000,17.50000
zoom-in,794.253,0.365,17.50000,17.50000
zoom-in,794.598,0.346,17.50000,17.50000
zoom-in,794.938,0.340,17.50000,17.50000
zoom-in,795.442,0.504,17.50000,17.50000
zoom-in,795.908,0.466,17.50000,17.50000
zoom-in,796.271,0.363,17.50000,17.50000
zoom-in,796.612,0.341,17.50000,17.50000
zoom-in,796.974,0.362,17.50000,17.50000
zoom-in,797.366,0.392,17.50000,17.50000
zoom-in,797.723,0.357,17.50000,17.50000
zoom-in,798.139,0.417,17.50000,17.50000
zoom-in,798.511,0.372,17.50000,17.50000
zoom-in,798.885,0.374,17.50000,17.50000
zoom-in,799.218,0.333,17.50000,17.50000
zoom-in,799.547,0.328,17.50000,17.50000
zoom-in,799.870,0.323,17.50000,17.50000
zoom-in,800.190,0.321,17.50000,17.50000
zoom-in,800.751,0.561,17.50000,17.50000
zoom-in,803.152,2.401,17.50000,17.50000
zoom-in,803.625,0.474,17.50000,17.50000
zoom-in,804.000,0.375,17.50000,17.50000
zoom-in,804.364,0.363,17.50000,17.50000
zoom-in,804.735,0.372,17.50000,17.50000
zoom-in,805.316,0.580,17.50000,17.50000
zoom-in,806.026,0.711,17.50000,17.50000
zoom-in,806.441,0.415,17.50000,17.50000
zoom-in,806.812,0.371,17.50000,17.50000
zoom-in,807.160,0.349,17.50000,17.50000
zoom-in,807.520,0.360,17.50000,17.50000
zoom-in,807.858,0.338,17.50000,17.50000
zoom-in,808.184,0.325,17.50000,17.50000
zoom-in,808.516,0.332,17.50000,17.50000
zoom-in,808.861,0.345,17.50000,17.50000
zoom-in,809.318,0.457,17.50000,17.50000
zoom-in,810.804,1.486,17.50000,17.50000
zoom-in,811.214,0.410,17.50000,17.50000
zoom-in,811.571,0.357,17.50000,17.50000
zoom-in,811.919,0.349,17.50000,17.50000
zoom-in,812.301,0.382,17.50000,17.50000
zoom-in,812.673,0.372,17.50000,17.50000
zoom-in,813.038,0.365,17.50000,17.50000
zoom-in,813.400,0.361,17.50000,17.50000
zoom-in,813.738,0.338,17.50000,17.50000
zoom-in,814.067,0.329,17.50000,17.50000
zoom-in,814.386,0.320,17.50000,17.50000
zoom-in,814.702,0.315,17.50000,17.50000
zoom-in,815.121,0.420,17.50000,17.50000
zoom-in,815.513,0.392,17.50000,17.50000
zoom-in,816.263,0.750,17.50000,17.50000
zoom-in,816.858,0.594,17.50000,17.50000
zoom-in,817.232,0.374,17.50000,17.50000
zoom-in,819.227,1.996,17.50000,17.50000
zoom-in,819.653,0.426,17.50000,17.50000
zoom-in,820.024,0.371,17.50000,17.50000
zoom-in,820.368,0.344,17.50000,17.50000
zoom-in,820.707,0.339,17.50000,17.50000
zoom-in,821.037,0.329,17.50000,17.50000
zoom-in,821.361,0.324,17.50000,17.50000
zoom-in,821.677,0.316,17.50000,17.50000
zoom-in,823.803,2.126,17.50000,17.50000
zoom-in,824.281,0.478,17.50000,17.50000
zoom-in,824.657,0.376,17.50000,17.50000
zoom-in,825.175,0.518,17.50000,17.50000
zoom-in,825.784,0.609,17.50000,17.50000
zoom-in,826.998,1.214,17.50000,17.50000
zoom-in,827.456,0.458,17.50000,17.50000
zoom-in,827.844,0.389,17.50000,17.50000
zoom-in,828.327,0.483,17.50000,17.50000
zoom-in,829.267,0.941,17.50000,17.50000
zoom-in,829.634,0.367,17.50000,17.50000
zoom-in,829.978,0.344,17.50000,17.50000
zoom-in,830.328,0.350,17.50000,17.50000
zoom-in,830.667,0.339,17.50000,17.50000
zoom-in,830.997,0.330,17.50000,17.50000
zoom-in,831.321,0.325,17.50000,17.50000
zoom-in,831.651,0.330,17.50000,17.50000
zoom-in,832.001,0.349,17.50000,17.50000
zoom-in,832.332,0.331,17.50000,17.50000
zoom-in,832.666,0.334,17.50000,17.50000
zoom-in,833.005,0.339,17.50000,17.50000
zoom-in,833.583,0.578,17.50000,17.50000
zoom-in,833.983,0.400,17.50000,17.50000
zoom-in,835.880,1.897,17.50000,17.50000
zoom-in,836.295,0.415,17.50000,17.50000
zoom-in,836.655,0.359,17.50000,17.50000
zoom-in,836.994,0.340,17.50000,17.50000
zoom-in,837.324,0.330,17.50000,17.50000
zoom-in,837.656,0.332,17.50000,17.50000
zoom-in,838.050,0.394,17.50000,17.50000
zoom-in,838.438,0.388,17.50000,17.50000
zoom-in,838.805,0.367,17.50000,17.50000
zoom-in,839.145,0.339,17.50000,17.50000
zoom-in,839.477,0.332,17.50000,17.50000
zoom-in,839.807,0.331,17.50000,17.50000
zoom-in,840.144,0.337,17.50000,17.50000
zoom-in,840.490,0.346,17.50000,17.50000
zoom-in,840.830,0.339,17.50000,17.50000
zoom-in,841.323,0.494,17.50000,17.50000
zoom-in,841.673,0.350,17.50000,17.50000
zoom-in,842.003,0.330,17.50000,17.50000
zoom-in,843.018,1.016,17.50000,17.50000
zoom-in,844.623,1.604,17.50000,17.50000
zoom-in,845.154,0.531,17.50000,17.50000
zoom-in,845.742,0.588,17.50000,17.50000
zoom-in,846.865,1.123,17.50000,17.50000
zoom-in,847.257,0.392,17.50000,17.50000
zoom-in,847.613,0.356,17.50000,17.50000
zoom-in,847.956,0.344,17.50000,17.50000
zoom-in,848.322,0.366,17.50000,17.50000
zoom-in,848.686,0.363,17.50000,17.50000
zoom-in,849.046,0.360,17.50000,17.50000
zoom-in,849.428,0.383,17.50000,17.50000
zoom-in,849.821,0.393,17.50000,17.50000
zoom-in,850.188,0.367,17.50000,17.50000
zoom-in,850.689,0.502,17.50000,17.50000
zoom-in,851.045,0.356,17.50000,17.50000
zoom-in,853.518,2.473,17.50000,17.50000
zoom-in,854.124,0.606,17.50000,17.50000
zoom-in,854.711,0.587,17.50000,17.50000
zoom-in,855.115,0.404,17.50000,17.50000
zoom-in,855.475,0.360,17.50000,17.50000
zoom-in,855.822,0.347,17.50000,17.50000
zoom-in,856.156,0.334,17.50000,17.50000
zoom-in,856.549,0.393,17.50000,17.50000
zoom-in,856.927,0.378,17.50000,17.50000
zoom-in,857.275,0.348,17.50000,17.50000
zoom-in,857.636,0.361,17.50000,17.50000
zoom-in,858.131,0.495,17.50000,17.50000
zoom-in,858.519,0.389,17.50000,17.50000
zoom-in,858.874,0.354,17.50000,17.50000
zoom-in,860.476,1.602,17.50000,17.50000
zoom-in,860.884,0.408,17.50000,17.50000
zoom-in,861.246,0.362,17.50000,17.50000
zoom-in,861.594,0.348,17.50000,17.50000
zoom-in,861.958,0.364,17.50000,17.50000
zoom-in,862.288,0.330,17.50000,17.50000
zoom-in,864.248,1.961,17.50000,17.50000
zoom-in,864.847,0.598,17.50000,17.50000
zoom-in,865.331,0.484,17.50000,17.50000
zoom-in,865.738,0.407,17.50000,17.50000
zoom-in,866.158,0.421,17.50000,17.50000
zoom-in,866.541,0.382,17.50000,17.50000
zoom-in,867.339,0.799,17.50000,17.50000
zoom-in,869.512,2.173,17.50000,17.50000
zoom-in,870.037,0.525,17.50000,17.50000
zoom-in,870.431,0.395,17.50000,17.50000
zoom-in,870.790,0.358,17.50000,17.50000
zoom-in,871.144,0.354,17.50000,17.50000
zoom-in,871.566,0.422,17.50000,17.50000
zoom-in,871.915,0.349,17.50000,17.50000
zoom-in,872.263,0.348,17.50000,17.50000
zoom-in,872.603,0.340,17.50000,17.50000
zoom-in,872.942,0.339,17.50000,17.50000
zoom-in,873.273,0.332,17.50000,17.50000
zoom-in,873.609,0.335,17.50000,17.50000
zoom-in,873.939,0.330,17.50000,17.50000
zoom-in,874.260,0.321,17.50000,17.50000
zoom-in,874.589,0.329,17.50000,17.50000
zoom-in,874.919,0.330,17.50000,17.50000
zoom-in,875.278,0.359,17.50000,17.50000
zoom-in,875.656,0.378,17.50000,17.50000
zoom-in,876.078,0.422,17.50000,17.50000
zoom-in,877.317,1.239,17.50000,17.50000
zoom-in,877.703,0.386,17.50000,17.50000
zoom-in,878.055,0.352,17.50000,17.50000
zoom-in,878.402,0.347,17.50000,17.50000
zoom-in,878.744,0.342,17.50000,17.50000
zoom-in,879.081,0.337,17.50000,17.50000
zoom-in,879.454,0.373,17.50000,17.50000
zoom-in,879.788,0.335,17.50000,17.50000
zoom-in,880.117,0.329,17.50000,17.50000
zoom-in,880.452,0.335,17.50000,17.50000
zoom-in,880.784,0.332,17.50000,17.50000
zoom-in,881.104,0.320,17.50000,17.50000
zoom-in,881.413,0.309,17.50000,17.50000
zoom-in,883.292,1.879,17.50000,17.50000
zoom-in,883.762,0.471,17.50000,17.50000
zoom-in,886.225,2.463,17.50000,17.50000
zoom-in,886.677,0.452,17.50000,17.50000
zoom-in,887.180,0.503,17.50000,17.50000
zoom-in,887.592,0.413,17.50000,17.50000
zoom-in,888.005,0.413,17.50000,17.50000
zoom-in,888.383,0.378,17.50000,17.50000
zoom-in,888.792,0.409,17.50000,17.50000
zoom-in,889.212,0.420,17.50000,17.50000
zoom-in,889.670,0.458,17.50000,17.50000
zoom-in,890.040,0.370,17.50000,17.50000
zoom-in,890.423,0.383,17.50000,17.50000
zoom-in,890.765,0.343,17.50000,17.50000
zoom-in,891.096,0.331,17.50000,17.50000
zoom-in,891.420,0.324,17.50000,17.50000
zoom-in,891.757,0.336,17.50000,17.50000
zoom-in,892.100,0.343,17.50000,17.50000
zoom-in,892.454,0.354,17.50000,17.50000
zoom-in,892.794,0.340,17.50000,17.50000
zoom-in,893.480,0.686,17.50000,17.50000
zoom-in,893.899,0.418,17.50000,17.50000
zoom-in,894.278,0.379,17.50000,17.50000
zoom-in,894.668,0.391,17.50000,17.50000
zoom-in,895.026,0.357,17.50000,17.50000
zoom-in,895.631,0.606,17.50000,17.50000
zoom-in,899.076,3.445,17.50000,17.50000
zoom-in,899.608,0.532,17.50000,17.50000
zoom-in,900.055,0.447,17.50000,17.50000
zoom-in,900.429,0.374,17.50000,17.50000
zoom-in,902.173,1.744,17.50000,17.50000
zoom-in,902.547,0.374,17.50000,17.50000
zoom-in,902.995,0.448,17.50000,17.50000
zoom-in,903.889,0.893,17.50000,17.50000
zoom-in,904.351,0.463,17.50000,17.50000
zoom-in,904.762,0.411,17.50000,17.50000
zoom-in,905.150,0.388,17.50000,17.50000
zoom-in,905.544,0.394,17.50000,17.50000
zoom-in,905.979,0.435,17.50000,17.50000
zoom-in,906.361,0.382,17.50000,17.50000
zoom-in,906.803,0.442,17.50000,17.50000
zoom-in,907.242,0.440,17.50000,17.50000
zoom-in,907.702,0.460,17.50000,17.50000
zoom-in,908.285,0.583,17.50000,17.50000
zoom-in,908.847,0.563,17.50000,17.50000
zoom-in,909.626,0.779,17.50000,17.50000
zoom-in,910.502,0.876,17.50000,17.50000
zoom-in,910.943,0.441,17.50000,17.50000
zoom-in,911.499,0.556,17.50000,17.50000
zoom-in,911.876,0.376,17.50000,17.50000
zoom-in,912.836,0.960,17.50000,17.50000
zoom-in,913.442,0.606,17.50000,17.50000
zoom-in,914.204,0.762,17.50000,17.50000
zoom-in,914.638,0.434,17.50000,17.50000
zoom-in,915.030,0.393,17.50000,17.50000
zoom-in,915.500,0.470,17.50000,17.50000
zoom-in,915.915,0.414,17.50000,17.50000
zoom-in,916.300,0.385,17.50000,17.50000
zoom-in,916.767,0.468,17.50000,17.50000
zoom-in,917.628,0.860,17.50000,17.50000
zoom-in,919.055,1.428,17.50000,17.50000
zoom-in,919.555,0.500,17.50000,17.50000
zoom-in,919.947,0.392,17.50000,17.50000
zoom-in,920.375,0.428,17.50000,17.50000
zoom-in,920.759,0.385,17.50000,17.50000
zoom-in,921.100,0.341,17.50000,17.50000
zoom-in,923.152,2.052,17.50000,17.50000
zoom-in,923.557,0.405,17.50000,17.50000
zoom-in,923.936,0.379,17.50000,17.50000
zoom-in,924.304,0.368,17.50000,17.50000
zoom-in,924.725,0.421,17.50000,17.50000
zoom-in,925.143,0.418,17.50000,17.50000
zoom-in,925.533,0.390,17.50000,17.50000
zoom-in,927.020,1.487,17.50000,17.50000
zoom-in,927.532,0.511,17.50000,17.50000
zoom-in,927.966,0.434,17.50000,17.50000
zoom-in,928.366,0.401,17.50000,17.50000
zoom-in,928.748,0.382,17.50000,17.50000
zoom-in,929.116,0.368,17.50000,17.50000
zoom-in,929.511,0.395,17.50000,17.50000
zoom-in,929.911,0.400,17.50000,17.50000
zoom-in,930.534,0.623,17.50000,17.50000
zoom-in,930.948,0.414,17.50000,17.50000
zoom-in,931.349,0.402,17.50000,17.50000
zoom-in,931.851,0.501,17.50000,17.50000
zoom-in,932.260,0.410,17.50000,17.50000
zoom-in,932.647,0.387,17.50000,17.50000
zoom-in,933.246,0.599,17.50000,17.50000
zoom-in,933.628,0.382,17.50000,17.50000
zoom-in,934.020,0.392,17.50000,17.50000
zoom-in,934.460,0.440,17.50000,17.50000
zoom-in,935.731,1.271,17.50000,17.50000
zoom-in,936.149,0.418,17.50000,17.50000
zoom-in,936.724,0.575,17.50000,17.50000
zoom-in,937.103,0.379,17.50000,17.50000
zoom-in,937.454,0.351,17.50000,17.50000
zoom-in,938.056,0.602,17.50000,17.50000
zoom-in,938.794,0.738,17.50000,17.50000
zoom-in,939.195,0.400,17.50000,17.50000
zoom-in,939.551,0.356,17.50000,17.50000
zoom-in,939.955,0.404,17.50000,17.50000
zoom-in,940.316,0.361,17.50000,17.50000
zoom-in,940.661,0.345,17.50000,17.50000
zoom-in,942.280,1.619,17.50000,17.50000
zoom-in,942.665,0.386,17.50000,17.50000
zoom-in,943.020,0.354,17.50000,17.50000
zoom-in,943.396,0.376,17.50000,17.50000
zoom-in,945.489,2.094,17.50000,17.50000
zoom-in,946.122,0.633,17.50000,17.50000
zoom-in,946.943,0.820,17.50000,17.50000
zoom-in,947.314,0.371,17.50000,17.50000
zoom-in,947.682,0.368,17.50000,17.50000
zoom-in,948.014,0.332,17.50000,17.50000
zoom-in,948.347,0.333,17.50000,17.50000
zoom-in,948.684,0.338,17.50000,17.50000
zoom-in,949.019,0.334,17.50000,17.50000
zoom-in,949.347,0.328,17.50000,17.50000
zoom-in,949.687,0.340,17.50000,17.50000
zoom-in,950.127,0.439,17.50000,17.50000
zoom-in,950.744,0.617,17.50000,17.50000
zoom-in,951.145,0.401,17.50000,17.50000
zoom-in,952.891,1.746,17.50000,17.50000
zoom-in,953.299,0.408,17.50000,17.50000
zoom-in,953.656,0.358,17.50000,17.50000
zoom-in,954.050,0.394,17.50000,17.50000
zoom-in,954.424,0.373,17.50000,17.50000
zoom-in,954.897,0.474,17.50000,17.50000
zoom-in,955.350,0.453,17.50000,17.50000
zoom-in,956.171,0.820,17.50000,17.50000
zoom-in,956.550,0.379,17.50000,17.50000
zoom-in,956.909,0.359,17.50000,17.50000
zoom-in,957.248,0.339,17.50000,17.50000
zoom-in,957.582,0.334,17.50000,17.50000
zoom-in,957.922,0.340,17.50000,17.50000
zoom-in,958.262,0.340,17.50000,17.50000
zoom-in,958.590,0.327,17.50000,17.50000
zoom-in,958.913,0.324,17.50000,17.50000
zoom-in,959.239,0.326,17.50000,17.50000
zoom-in,960.019,0.780,17.50000,17.50000
zoom-in,960.368,0.349,17.50000,17.50000
zoom-in,960.723,0.355,17.50000,17.50000
zoom-in,961.165,0.442,17.50000,17.50000
zoom-in,961.556,0.390,17.50000,17.50000
zoom-in,961.983,0.428,17.50000,17.50000
zoom-in,966.026,4.043,17.50000,17.50000
zoom-in,966.634,0.608,17.50000,17.50000
zoom-in,967.591,0.957,17.50000,17.50000
zoom-in,969.495,1.904,17.50000,17.50000
zoom-in,970.067,0.572,17.50000,17.50000
zoom-in,970.533,0.467,17.50000,17.50000
zoom-in,970.914,0.381,17.50000,17.50000
zoom-in,971.272,0.358,17.50000,17.50000
zoom-in,971.643,0.371,17.50000,17.50000
zoom-in,971.976,0.333,17.50000,17.50000
zoom-in,972.419,0.443,17.50000,17.50000
zoom-in,972.788,0.369,17.50000,17.50000
zoom-in,973.158,0.370,17.50000,17.50000
zoom-in,973.502,0.345,17.50000,17.50000
zoom-in,974.077,0.575,17.50000,17.50000
zoom-in,974.445,0.368,17.50000,17.50000
zoom-in,974.793,0.348,17.50000,17.50000
zoom-in,975.158,0.365,17.50000,17.50000
zoom-in,975.492,0.335,17.50000,17.50000
zoom-in,975.839,0.346,17.50000,17.50000
zoom-in,977.133,1.294,17.50000,17.50000
zoom-in,977.479,0.346,17.50000,17.50000
zoom-in,977.842,0.363,17.50000,17.50000
zoom-in,978.184,0.342,17.50000,17.50000
zoom-in,978.525,0.342,17.50000,17.50000
zoom-in,979.249,0.724,17.50000,17.50000
zoom-in,979.637,0.388,17.50000,17.50000
zoom-in,979.970,0.333,17.50000,17.50000
zoom-in,980.510,0.539,17.50000,17.50000
zoom-in,984.299,3.789,17.50000,17.50000
zoom-in,984.927,0.628,17.50000,17.50000
zoom-in,986.952,2.026,17.50000,17.50000
zoom-in,987.604,0.652,17.50000,17.50000
zoom-in,988.011,0.406,17.50000,17.50000
zoom-in,988.389,0.378,17.50000,17.50000
zoom-in,988.820,0.431,17.50000,17.50000
zoom-in,989.215,0.395,17.50000,17.50000
zoom-in,989.566,0.351,17.50000,17.50000
zoom-in,989.908,0.342,17.50000,17.50000
zoom-in,990.245,0.337,17.50000,17.50000
zoom-in,990.576,0.331,17.50000,17.50000
zoom-in,991.003,0.427,17.50000,17.50000
zoom-in,991.458,0.455,17.50000,17.50000
zoom-in,991.879,0.421,17.50000,17.50000
zoom-in,992.360,0.481,17.50000,17.50000
zoom-in,993.629,1.269,17.50000,17.50000
zoom-in,994.097,0.468,17.50000,17.50000
zoom-in,994.670,0.574,17.50000,17.50000
zoom-in,995.377,0.707,17.50000,17.50000
zoom-in,996.243,0.866,17.50000,17.50000
zoom-in,996.617,0.374,17.50000,17.50000
zoom-in,997.106,0.489,17.50000,17.50000
zoom-in,997.503,0.397,17.50000,17.50000
zoom-in,997.869,0.366,17.50000,17.50000
zoom-in,998.228,0.360,17.50000,17.50000
zoom-in,998.572,0.344,17.50000,17.50000
zoom-in,998.902,0.330,17.50000,17.50000
zoom-in,999.237,0.335,17.50000,17.50000
zoom-in,999.569,0.332,17.50000,17.50000
zoom-in,1000.209,0.640,17.50000,17.50000
zoom-in,1000.548,0.339,17.50000,17.50000
zoom-in,1000.878,0.330,17.50000,17.50000
zoom-in,1002.448,1.570,17.50000,17.50000
zoom-in,1002.807,0.359,17.50000,17.50000
zoom-in,1004.089,1.282,17.50000,17.50000
zoom-in,1004.490,0.401,17.50000,17.50000
zoom-in,1004.843,0.354,17.50000,17.50000
zoom-in,1005.188,0.344,17.50000,17.50000
zoom-in,1005.629,0.441,17.50000,17.50000
zoom-in,1006.005,0.377,17.50000,17.50000
zoom-in,1006.432,0.427,17.50000,17.50000
zoom-in,1006.783,0.351,17.50000,17.50000
zoom-in,1007.149,0.366,17.50000,17.50000
zoom-in,1007.494,0.346,17.50000,17.50000
zoom-in,1007.833,0.339,17.50000,17.50000
zoom-in,1008.175,0.342,17.50000,17.50000
zoom-in,1008.505,0.330,17.50000,17.50000
zoom-in,1008.829,0.324,17.50000,17.50000
zoom-in,1009.184,0.355,17.50000,17.50000
zoom-in,1010.793,1.609,17.50000,17.50000
zoom-in,1011.302,0.509,17.50000,17.50000
zoom-in,1011.695,0.393,17.50000,17.50000
zoom-in,1012.092,0.397,17.50000,17.50000
zoom-in,1012.529,0.438,17.50000,17.50000
zoom-in,1012.894,0.364,17.50000,17.50000
zoom-in,1013.248,0.354,17.50000,17.50000
zoom-in,1013.584,0.336,17.50000,17.50000
zoom-in,1013.910,0.326,17.50000,17.50000
zoom-in,1014.248,0.338,17.50000,17.50000
zoom-in,1014.620,0.372,17.50000,17.50000
zoom-in,1015.011,0.391,17.50000,17.50000
zoom-in,1015.524,0.513,17.50000,17.50000
zoom-in,1015.925,0.401,17.50000,17.50000
zoom-in,1016.380,0.455,17.50000,17.50000
zoom-in,1016.786,0.407,17.50000,17.50000
zoom-in,1017.616,0.830,17.50000,17.50000
zoom-in,1018.983,1.366,17.50000,17.50000
zoom-in,1019.379,0.396,17.50000,17.50000
zoom-in,1019.737,0.358,17.50000,17.50000
zoom-in,1020.088,0.351,17.50000,17.50000
zoom-in,1020.437,0.349,17.50000,17.50000
zoom-in,1020.784,0.347,17.50000,17.50000
zoom-in,1021.176,0.392,17.50000,17.50000
zoom-in,1021.509,0.333,17.50000,17.50000
zoom-in,1021.841,0.332,17.50000,17.50000
zoom-in,1022.196,0.355,17.50000,17.50000
zoom-in,1022.544,0.347,17.50000,17.50000
zoom-in,1024.673,2.130,17.50000,17.50000
zoom-in,1025.100,0.427,17.50000,17.50000
zoom-in,1025.542,0.442,17.50000,17.50000
zoom-in,1025.904,0.363,17.50000,17.50000
zoom-in,1027.240,1.336,17.50000,17.50000
zoom-in,1027.750,0.510,17.50000,17.50000
zoom-in,1028.268,0.518,17.50000,17.50000
zoom-in,1028.676,0.408,17.50000,17.50000
zoom-in,1029.121,0.446,17.50000,17.50000
zoom-in,1029.523,0.402,17.50000,17.50000
zoom-in,1029.884,0.360,17.50000,17.50000
zoom-in,1030.217,0.334,17.50000,17.50000
zoom-in,1030.550,0.332,17.50000,17.50000
zoom-in,1030.894,0.344,17.50000,17.50000
zoom-in,1031.415,0.521,17.50000,17.50000
zoom-in,1031.745,0.330,17.50000,17.50000
zoom-in,1032.087,0.342,17.50000,17.50000
zoom-in,1032.441,0.354,17.50000,17.50000
zoom-in,1032.792,0.351,17.50000,17.50000
zoom-in,1033.234,0.442,17.50000,17.50000
zoom-in,1033.627,0.393,17.50000,17.50000
zoom-in,1033.994,0.367,17.50000,17.50000
zoom-in,1035.939,1.945,17.50000,17.50000
zoom-in,1036.477,0.538,17.50000,17.50000
zoom-in,1036.880,0.404,17.50000,17.50000
zoom-in,1037.254,0.374,17.50000,17.50000
zoom-in,1037.605,0.350,17.50000,17.50000
zoom-in,1037.960,0.355,17.50000,17.50000
zoom-in,1038.297,0.338,17.50000,17.50000
zoom-in,1038.642,0.345,17.50000,17.50000
zoom-in,1039.000,0.359,17.50000,17.50000
zoom-in,1039.346,0.345,17.50000,17.50000
zoom-in,1039.690,0.344,17.50000,17.50000
zoom-in,1040.048,0.359,17.50000,17.50000
zoom-in,1040.387,0.338,17.50000,17.50000
zoom-in,1040.737,0.350,17.50000,17.50000
zoom-in,1041.073,0.337,17.50000,17.50000
zoom-in,1041.401,0.328,17.50000,17.50000
zoom-in,1041.739,0.338,17.50000,17.50000
zoom-in,1042.081,0.342,17.50000,17.50000
zoom-in,1044.338,2.257,17.50000,17.50000
zoom-in,1044.939,0.601,17.50000,17.50000
zoom-in,1045.337,0.398,17.50000,17.50000
zoom-in,1045.722,0.385,17.50000,17.50000
zoom-in,1046.085,0.363,17.50000,17.50000
zoom-in,1046.445,0.360,17.50000,17.50000
zoom-in,1046.850,0.405,17.50000,17.50000
zoom-in,1047.983,1.133,17.50000,17.50000
zoom-in,1048.441,0.458,17.50000,17.50000
zoom-in,1048.809,0.368,17.50000,17.50000
zoom-in,1049.195,0.386,17.50000,17.50000
zoom-in,1049.543,0.348,17.50000,17.50000
zoom-in,1049.909,0.366,17.50000,17.50000
zoom-in,1050.403,0.494,17.50000,17.50000
zoom-in,1050.800,0.397,17.50000,17.50000
zoom-in,1051.172,0.372,17.50000,17.50000
zoom-in,1053.273,2.101,17.50000,17.50000
zoom-in,1053.993,0.720,17.50000,17.50000
zoom-in,1054.533,0.539,17.50000,17.50000
zoom-in,1054.951,0.418,17.50000,17.50000
zoom-in,1055.349,0.398,17.50000,17.50000
zoom-in,1055.745,0.396,17.50000,17.50000
zoom-in,1056.131,0.386,17.50000,17.50000
zoom-in,1056.495,0.365,17.50000,17.50000
zoom-in,1056.874,0.378,17.50000,17.50000
zoom-in,1057.232,0.358,17.50000,17.50000
zoom-in,1057.598,0.367,17.50000,17.50000
zoom-in,1057.991,0.393,17.50000,17.50000
zoom-in,1058.355,0.364,17.50000,17.50000
zoom-in,1058.703,0.348,17.50000,17.50000
zoom-in,1060.099,1.396,17.50000,17.50000
zoom-in,1060.541,0.442,17.50000,17.50000
zoom-in,1060.926,0.385,17.50000,17.50000
zoom-in,1061.298,0.372,17.50000,17.50000
zoom-in,1061.650,0.351,17.50000,17.50000
zoom-in,1062.010,0.360,17.50000,17.50000
zoom-in,1064.554,2.544,17.50000,17.50000
zoom-in,1065.213,0.659,17.50000,17.50000
zoom-in,1065.630,0.417,17.50000,17.50000
zoom-in,1066.321,0.692,17.50000,17.50000
zoom-in,1066.713,0.392,17.50000,17.50000
zoom-in,1067.597,0.883,17.50000,17.50000
zoom-in,1068.225,0.628,17.50000,17.50000
zoom-in,1069.466,1.241,17.50000,17.50000
zoom-in,1069.920,0.454,17.50000,17.50000
zoom-in,1070.323,0.403,17.50000,17.50000
zoom-in,1070.743,0.419,17.50000,17.50000
zoom-in,1071.089,0.346,17.50000,17.50000
zoom-in,1071.448,0.360,17.50000,17.50000
zoom-in,1071.918,0.470,17.50000,17.50000
zoom-in,1072.361,0.443,17.50000,17.50000
zoom-in,1072.744,0.383,17.50000,17.50000
zoom-in,1073.104,0.360,17.50000,17.50000
zoom-in,1073.475,0.371,17.50000,17.50000
zoom-in,1073.820,0.345,17.50000,17.50000
zoom-in,1074.156,0.336,17.50000,17.50000
zoom-in,1074.499,0.343,17.50000,17.50000
zoom-in,1074.851,0.352,17.50000,17.50000
zoom-in,1075.219,0.368,17.50000,17.50000
zoom-in,1075.569,0.350,17.50000,17.50000
zoom-in,1075.920,0.351,17.50000,17.50000
zoom-in,1076.930,1.010,17.50000,17.50000
zoom-in,1077.431,0.501,17.50000,17.50000
zoom-in,1077.827,0.395,17.50000,17.50000
zoom-in,1078.171,0.345,17.50000,17.50000
zoom-in,1078.530,0.359,17.50000,17.50000
zoom-in,1078.899,0.369,17.50000,17.50000
zoom-in,1079.487,0.588,17.50000,17.50000
zoom-in,1079.847,0.360,17.50000,17.50000
zoom-in,1080.194,0.347,17.50000,17.50000
zoom-in,1080.532,0.338,17.50000,17.50000
zoom-in,1080.865,0.333,17.50000,17.50000
zoom-in,1081.204,0.338,17.50000,17.50000
zoom-in,1081.527,0.323,17.50000,17.50000
zoom-in,1081.847,0.320,17.50000,17.50000
zoom-in,1082.491,0.644,17.50000,17.50000
zoom-in,1084.450,1.958,17.50000,17.50000
zoom-in,1085.171,0.721,17.50000,17.50000
zoom-in,1085.654,0.483,17.50000,17.50000
zoom-in,1086.048,0.394,17.50000,17.50000
zoom-in,1088.109,2.061,17.50000,17.50000
zoom-in,1089.205,1.096,17.50000,17.50000
zoom-in,1089.980,0.775,17.50000,17.50000
zoom-in,1090.473,0.493,17.50000,17.50000
zoom-in,1090.919,0.446,17.50000,17.50000
zoom-in,1091.519,0.600,17.50000,17.50000
zoom-in,1092.110,0.592,17.50000,17.50000
zoom-in,1092.524,0.414,17.50000,17.50000
zoom-in,1093.290,0.766,17.50000,17.50000
zoom-in,1093.692,0.402,17.50000,17.50000
zoom-in,1094.323,0.631,17.50000,17.50000
zoom-in,1094.766,0.444,17.50000,17.50000
zoom-in,1095.124,0.358,17.50000,17.50000
zoom-in,1096.100,0.976,17.50000,17.50000
zoom-in,1096.551,0.451,17.50000,17.50000
zoom-in,1096.916,0.365,17.50000,17.50000
zoom-in,1097.274,0.358,17.50000,17.50000
zoom-in,1097.612,0.339,17.50000,17.50000
zoom-in,1098.102,0.490,17.50000,17.50000
zoom-in,1098.478,0.376,17.50000,17.50000
zoom-in,1098.828,0.351,17.50000,17.50000
zoom-in,1099.170,0.342,17.50000,17.50000
zoom-in,1099.551,0.382,17.50000,17.50000
zoom-in,1099.906,0.354,17.50000,17.50000
zoom-in,1100.250,0.344,17.50000,17.50000
zoom-in,1100.598,0.348,17.50000,17.50000
zoom-in,1100.943,0.346,17.50000,17.50000
zoom-in,1102.461,1.518,17.50000,17.50000
zoom-in,1102.902,0.441,17.50000,17.50000
zoom-in,1103.269,0.366,17.50000,17.50000
zoom-in,1104.543,1.274,17.50000,17.50000
zoom-in,1105.050,0.507,17.50000,17.50000
zoom-in,1105.431,0.381,17.50000,17.50000
zoom-in,1105.838,0.407,17.50000,17.50000
zoom-in,1106.218,0.380,17.50000,17.50000
zoom-in,1106.561,0.344,17.50000,17.50000
zoom-in,1106.899,0.338,17.50000,17.50000
zoom-in,1107.259,0.360,17.50000,17.50000
zoom-in,1107.605,0.346,17.50000,17.50000
zoom-in,1107.948,0.343,17.50000,17.50000
zoom-in,1108.313,0.366,17.50000,17.50000
zoom-in,1108.654,0.341,17.50000,17.50000
zoom-in,1109.001,0.347,17.50000,17.50000
zoom-in,1109.426,0.425,17.50000,17.50000
zoom-in,1110.337,0.911,17.50000,17.50000
zoom-in,1110.701,0.364,17.50000,17.50000
zoom-in,1111.053,0.352,17.50000,17.50000
zoom-in,1111.424,0.371,17.50000,17.50000
zoom-in,1111.781,0.357,17.50000,17.50000
zoom-in,1112.206,0.425,17.50000,17.50000
zoom-in,1112.684,0.477,17.50000,17.50000
zoom-in,1113.152,0.468,17.50000,17.50000
zoom-in,1114.158,1.006,17.50000,17.50000
zoom-in,1114.681,0.523,17.50000,17.50000
zoom-in,1115.061,0.380,17.50000,17.50000
zoom-in,1115.416,0.355,17.50000,17.50000
zoom-in,1115.758,0.342,17.50000,17.50000
zoom-in,1116.172,0.414,17.50000,17.50000
zoom-in,1116.523,0.352,17.50000,17.50000
scroll-in,0.000,0.000,17.20151,17.20151
scroll-in,0.472,0.472,17.13827,17.13827
scroll-in,0.866,0.394,17.08598,17.08598
scroll-in,1.250,0.384,17.03531,17.03531
scroll-in,1.596,0.346,16.99002,16.99002
scroll-in,1.934,0.338,16.94610,16.94610
scroll-in,2.309,0.376,16.89759,16.89759
scroll-in,2.676,0.366,16.85065,16.85065
scroll-in,3.036,0.360,16.80478,16.80478
scroll-in,3.420,0.384,16.75629,16.75629
scroll-in,3.829,0.409,16.70502,16.70503
scroll-in,4.177,0.348,16.66170,16.66170
scroll-in,4.510,0.333,16.62050,16.62050
scroll-in,4.857,0.347,16.57792,16.57792
scroll-in,5.214,0.357,16.53433,16.53433
scroll-in,5.550,0.336,16.49363,16.49363
scroll-in,5.883,0.333,16.45352,16.45352
scroll-in,6.666,0.783,16.36027,16.36027
scroll-in,6.994,0.328,16.32162,16.32162
scroll-in,7.306,0.312,16.28504,16.28504
scroll-in,7.613,0.306,16.24937,16.24937
scroll-in,7.914,0.301,16.21453,16.21453
scroll-in,8.431,0.517,16.15516,16.15516
scroll-in,8.772,0.341,16.11629,16.11629
scroll-in,9.890,1.118,15.99072,15.99072
scroll-in,10.246,0.357,15.95122,15.95122
scroll-in,10.689,0.442,15.90259,15.90259
scroll-in,11.017,0.328,15.86682,15.86682
scroll-in,11.322,0.306,15.83363,15.83363
scroll-in,11.626,0.304,15.80089,15.80089
scroll-in,11.928,0.303,15.76845,15.76845
scroll-in,12.238,0.310,15.73544,15.73544
scroll-in,14.211,1.973,15.52950,15.52950
scroll-in,14.631,0.421,15.48656,15.48656
scroll-in,15.065,0.434,15.44265,15.44265
scroll-in,15.419,0.354,15.40702,15.40702
scroll-in,15.764,0.345,15.37256,15.37256
scroll-in,17.697,1.933,15.18345,15.18345
scroll-in,18.228,0.531,15.13266,15.13266
scroll-in,18.590,0.362,15.09833,15.09833
scroll-in,18.923,0.333,15.06699,15.06699
scroll-in,19.257,0.335,15.03564,15.03564
scroll-in,19.665,0.408,14.99773,14.99772
scroll-in,20.026,0.361,14.96434,14.96434
scroll-in,20.362,0.336,14.93351,14.93350
scroll-in,20.682,0.320,14.90428,14.90428
scroll-in,21.069,0.387,14.86920,14.86920
scroll-in,21.429,0.361,14.83671,14.83671
scroll-in,21.765,0.336,14.80668,14.80668
scroll-in,22.106,0.341,14.77635,14.77635
scroll-in,22.769,0.663,14.71789,14.71789
scroll-in,23.545,0.776,14.65035,14.65035
scroll-in,24.008,0.463,14.61046,14.61046
scroll-in,24.435,0.427,14.57403,14.57403
scroll-in,24.947,0.513,14.53062,14.53062
scroll-in,25.491,0.544,14.48496,14.48496
scroll-in,26.077,0.586,14.43630,14.43630
scroll-in,26.528,0.451,14.39923,14.39923
scroll-in,26.971,0.443,14.36303,14.36303
scroll-in,27.306,0.335,14.33591,14.33591
scroll-in,27.646,0.341,14.30846,14.30846
scroll-in,28.041,0.395,14.27680,14.27680
scroll-in,28.425,0.384,14.24628,14.24628
scroll-in,28.778,0.353,14.21839,14.21839
scroll-in,29.109,0.332,14.19234,14.19234
scroll-in,29.559,0.449,14.15730,14.15730
scroll-in,29.940,0.381,14.12778,14.12778
scroll-in,30.293,0.353,14.10061,14.10061
scroll-in,30.623,0.331,14.07531,14.07531
scroll-in,30.950,0.327,14.05046,14.05046
scroll-in,32.487,1.537,13.93539,13.93539
scroll-in,32.826,0.338,13.91049,13.91049
scroll-in,33.141,0.315,13.88743,13.88743
scroll-in,34.420,1.279,13.79503,13.79503
scroll-in,34.906,0.487,13.76041,13.76041
scroll-in,35.414,0.507,13.72462,13.72462
scroll-in,35.902,0.488,13.69049,13.69049
scroll-in,36.351,0.449,13.65932,13.65932
scroll-in,36.697,0.346,13.63547,13.63547
scroll-in,37.019,0.322,13.61339,13.61339
scroll-in,37.362,0.343,13.59002,13.59002
scroll-in,37.675,0.313,13.56881,13.56881
scroll-in,38.005,0.330,13.54660,13.54660
scroll-in,38.432,0.427,13.51802,13.51802
scroll-in,38.799,0.368,13.49358,13.49358
scroll-in,39.127,0.328,13.47191,13.47191
scroll-in,40.802,1.675,13.36302,13.36302
scroll-in,41.248,0.446,13.33456,13.33456
scroll-in,41.696,0.448,13.30616,13.30616
scroll-in,42.025,0.329,13.28544,13.28544
scroll-in,43.026,1.001,13.22312,13.22312
scroll-in,43.405,0.380,13.19975,13.19975
scroll-in,43.734,0.329,13.17964,13.17964
scroll-in,44.111,0.377,13.15671,13.15671
scroll-in,44.456,0.346,13.13581,13.13581
scroll-in,44.782,0.325,13.11625,13.11625
scroll-in,45.409,0.628,13.07880,13.07880
scroll-in,45.938,0.529,13.04753,13.04753
scroll-in,46.327,0.389,13.02472,13.02472
scroll-in,46.658,0.331,13.00544,13.00544
scroll-in,47.018,0.361,12.98453,12.98453
scroll-in,47.629,0.611,12.94941,12.94941
scroll-in,49.279,1.650,12.85624,12.85624
scroll-in,49.888,0.608,12.82252,12.82252
scroll-in,50.253,0.365,12.80243,12.80243
scroll-in,50.586,0.333,12.78422,12.78422
scroll-in,50.897,0.311,12.76728,12.76728
scroll-in,51.196,0.298,12.75113,12.75113
scroll-in,51.503,0.307,12.73460,12.73460
scroll-in,51.797,0.294,12.71882,12.71882
scroll-in,52.111,0.314,12.70208,12.70208
scroll-in,52.416,0.305,12.68588,12.68588
scroll-in,54.809,2.393,12.56164,12.56164
scroll-in,55.210,0.401,12.54129,12.54129
scroll-in,55.596,0.386,12.52182,12.52182
scroll-in,55.938,0.342,12.50466,12.50466
scroll-in,56.390,0.452,12.48213,12.48213
scroll-in,57.439,1.049,12.43049,12.43049
scroll-in,57.815,0.376,12.41218,12.41218
scroll-in,58.432,0.617,12.38237,12.38237
scroll-in,58.908,0.477,12.35955,12.35956
scroll-in,59.618,0.710,12.32588,12.32588
scroll-in,59.947,0.329,12.31039,12.31039
scroll-in,60.260,0.312,12.29577,12.29577
scroll-in,60.566,0.306,12.28150,12.28151
scroll-in,60.872,0.306,12.26731,12.26731
scroll-in,61.174,0.302,12.25337,12.25337
scroll-in,61.506,0.332,12.23814,12.23814
scroll-in,61.840,0.334,12.22290,12.22290
scroll-in,62.139,0.299,12.20929,12.20929
scroll-in,62.469,0.329,12.19440,12.19440
scroll-in,62.768,0.299,12.18093,12.18093
scroll-in,63.059,0.291,12.16789,12.16789
scroll-in,63.355,0.296,12.15469,12.15469
scroll-in,63.667,0.312,12.14083,12.14083
scroll-in,63.971,0.304,12.12741,12.12741
scroll-in,64.281,0.309,12.11382,12.11382
scroll-in,66.286,2.005,12.02728,12.02728
scroll-in,66.745,0.459,12.00785,12.00785
scroll-in,67.107,0.363,11.99260,11.99260
scroll-in,67.439,0.331,11.97873,11.97873
scroll-in,67.756,0.318,11.96551,11.96551
scroll-in,68.060,0.304,11.95290,11.95290
scroll-in,68.361,0.301,11.94050,11.94050
scroll-in,68.655,0.294,11.92845,11.92845
scroll-in,68.962,0.307,11.91590,11.91590
scroll-in,69.258,0.297,11.90384,11.90384
scroll-in,69.601,0.343,11.88998,11.88998
scroll-in,69.903,0.302,11.87780,11.87780
scroll-in,70.209,0.306,11.86555,11.86555
scroll-in,70.508,0.300,11.85360,11.85360
scroll-in,70.982,0.474,11.83479,11.83479
scroll-in,75.086,4.103,11.67761,11.67761
scroll-in,76.000,0.915,11.64390,11.64390
scroll-in,76.477,0.477,11.62650,11.62650
scroll-in,77.313,0.836,11.59630,11.59631
scroll-in,77.692,0.379,11.58275,11.58275
scroll-in,78.038,0.346,11.57044,11.57044
scroll-in,78.375,0.337,11.55849,11.55849
scroll-in,78.704,0.329,11.54689,11.54689
scroll-in,79.039,0.334,11.53517,11.53517
scroll-in,79.348,0.309,11.52439,11.52439
scroll-in,79.648,0.301,11.51396,11.51396
scroll-in,80.038,0.390,11.50048,11.50048
scroll-in,80.381,0.343,11.48869,11.48869
scroll-in,80.701,0.319,11.47777,11.47777
scroll-in,81.073,0.372,11.46511,11.46511
scroll-in,83.368,2.295,11.38858,11.38858
scroll-in,83.997,0.629,11.36806,11.36806
scroll-in,84.405,0.408,11.35486,11.35486
scroll-in,84.759,0.354,11.34346,11.34346
scroll-in,85.101,0.342,11.33251,11.33251
scroll-in,85.413,0.313,11.32255,11.32255
scroll-in,85.713,0.300,11.31305,11.31305
scroll-in,86.007,0.294,11.30375,11.30376
scroll-in,86.298,0.291,11.29461,11.29461
scroll-in,86.631,0.333,11.28418,11.28418
scroll-in,86.934,0.304,11.27473,11.27473
scroll-in,87.230,0.295,11.26557,11.26557
scroll-in,87.519,0.289,11.25663,11.25663
scroll-in,87.839,0.321,11.24677,11.24677
scroll-in,88.330,0.491,11.23178,11.23178
scroll-in,88.706,0.377,11.22034,11.22034
scroll-in,89.152,0.446,11.20688,11.20688
scroll-in,89.527,0.374,11.19564,11.19564
scroll-in,90.160,0.633,11.17679,11.17679
scroll-in,90.503,0.343,11.16665,11.16665
scroll-in,90.813,0.311,11.15750,11.15750
scroll-in,91.115,0.302,11.14867,11.14867
scroll-in,91.433,0.318,11.13938,11.13938
scroll-in,91.756,0.323,11.13000,11.13000
scroll-in,92.353,0.597,11.11278,11.11278
scroll-in,95.067,2.713,11.03639,11.03639
scroll-in,95.559,0.492,11.02285,11.02285
scroll-in,95.929,0.370,11.01275,11.01275
scroll-in,96.240,0.312,11.00427,11.00427
scroll-in,96.554,0.314,10.99577,10.99577
scroll-in,96.968,0.414,10.98462,10.98462
scroll-in,97.309,0.341,10.97548,10.97548
scroll-in,97.624,0.314,10.96710,10.96710
scroll-in,99.543,1.919,10.91675,10.91675
scroll-in,100.034,0.491,10.90409,10.90409
scroll-in,100.448,0.415,10.89347,10.89347
scroll-in,100.791,0.342,10.88475,10.88475
scroll-in,101.120,0.330,10.87638,10.87638
scroll-in,101.546,0.426,10.86564,10.86564
scroll-in,101.884,0.338,10.85716,10.85716
scroll-in,102.190,0.305,10.84954,10.84954
scroll-in,102.516,0.327,10.84142,10.84143
scroll-in,102.811,0.295,10.83412,10.83412
scroll-in,103.132,0.321,10.82622,10.82622
scroll-in,103.441,0.309,10.81864,10.81864
scroll-in,103.736,0.295,10.81144,10.81144
scroll-in,104.026,0.291,10.80438,10.80438
scroll-in,104.307,0.280,10.79759,10.79759
scroll-in,104.597,0.290,10.79058,10.79058
scroll-in,105.007,0.410,10.78075,10.78075
scroll-in,105.310,0.304,10.77350,10.77350
scroll-in,105.624,0.314,10.76603,10.76603
scroll-in,106.054,0.430,10.75586,10.75586
scroll-in,107.204,1.150,10.72898,10.72898
scroll-in,107.583,0.379,10.72022,10.72022
scroll-in,107.908,0.325,10.71273,10.71273
scroll-in,108.281,0.373,10.70417,10.70417
scroll-in,108.815,0.534,10.69202,10.69202
scroll-in,109.172,0.357,10.68394,10.68394
scroll-in,110.050,0.878,10.66426,10.66426
scroll-in,110.369,0.319,10.65718,10.65718
scroll-in,110.684,0.315,10.65021,10.65021
scroll-in,111.015,0.331,10.64291,10.64291
scroll-in,111.412,0.397,10.63421,10.63421
scroll-in,113.470,2.058,10.58986,10.58986
scroll-in,113.992,0.523,10.57881,10.57881
scroll-in,114.342,0.349,10.57146,10.57146
scroll-in,114.762,0.420,10.56266,10.56266
scroll-in,115.119,0.357,10.55524,10.55524
scroll-in,117.202,2.083,10.51264,10.51264
scroll-in,117.654,0.452,10.50356,10.50356
scroll-in,118.120,0.466,10.49424,10.49425
scroll-in,118.477,0.357,10.48715,10.48715
scroll-in,118.798,0.321,10.48081,10.48082
scroll-in,119.112,0.314,10.47464,10.47464
scroll-in,119.519,0.407,10.46667,10.46667
scroll-in,119.858,0.340,10.46006,10.46006
scroll-in,120.181,0.323,10.45380,10.45380
scroll-in,120.493,0.312,10.44777,10.44777
scroll-in,120.808,0.314,10.44173,10.44173
scroll-in,121.110,0.302,10.43595,10.43595
scroll-in,121.440,0.330,10.42965,10.42965
scroll-in,121.743,0.303,10.42391,10.42391
scroll-in,122.040,0.297,10.41829,10.41829
scroll-in,122.411,0.371,10.41132,10.41133
scroll-in,122.751,0.340,10.40496,10.40496
scroll-in,123.512,0.761,10.39084,10.39084
scroll-in,123.836,0.324,10.38487,10.38487
scroll-in,124.208,0.373,10.37803,10.37803
scroll-in,124.616,0.408,10.37059,10.37059
scroll-in,125.314,0.699,10.35794,10.35794
scroll-in,125.792,0.478,10.34936,10.34936
scroll-in,126.759,0.967,10.33216,10.33216
scroll-in,127.091,0.332,10.32631,10.32631
scroll-in,127.421,0.330,10.32053,10.32053
scroll-in,127.727,0.307,10.31517,10.31517
scroll-in,128.027,0.300,10.30995,10.30996
scroll-in,128.354,0.327,10.30429,10.30429
scroll-in,128.701,0.347,10.29830,10.29830
scroll-in,128.997,0.295,10.29323,10.29323
scroll-in,129.292,0.295,10.28818,10.28818
scroll-in,129.579,0.287,10.28329,10.28329
scroll-in,129.865,0.286,10.27844,10.27844
scroll-in,130.221,0.356,10.27243,10.27243
scroll-in,130.529,0.308,10.26725,10.26725
scroll-in,130.862,0.333,10.26168,10.26168
scroll-in,132.785,1.924,10.22997,10.22997
scroll-in,133.237,0.452,10.22263,10.22264
scroll-in,133.550,0.313,10.21759,10.21759
scroll-in,134.724,1.174,10.19883,10.19883
scroll-in,135.228,0.504,10.19087,10.19087
scroll-in,135.582,0.354,10.18531,10.18531
scroll-in,135.915,0.333,10.18011,10.18011
scroll-in,136.480,0.565,10.17133,10.17133
scroll-in,136.855,0.375,10.16554,10.16554
scroll-in,137.213,0.358,10.16004,10.16004
scroll-in,137.664,0.451,10.15314,10.15314
scroll-in,137.989,0.325,10.14821,10.14821
scroll-in,138.300,0.310,10.14351,10.14351
scroll-in,138.599,0.300,10.13900,10.13900
scroll-in,138.904,0.305,10.13442,10.13442
scroll-in,139.206,0.302,10.12990,10.12990
scroll-in,140.464,1.258,10.11130,10.11130
scroll-in,140.827,0.363,10.10599,10.10599
scroll-in,141.266,0.439,10.09960,10.09960
scroll-in,141.633,0.368,10.09428,10.09428
scroll-in,141.966,0.333,10.08949,10.08949
scroll-in,142.589,0.623,10.08057,10.08057
scroll-in,142.942,0.353,10.07555,10.07556
scroll-in,143.392,0.450,10.06919,10.06919
scroll-in,143.800,0.408,10.06345,10.06345
scroll-in,144.154,0.354,10.05850,10.05850
scroll-in,144.572,0.419,10.05267,10.05267
scroll-in,144.926,0.354,10.04777,10.04777
scroll-in,145.260,0.334,10.04317,10.04317
scroll-in,145.598,0.338,10.03853,10.03853
scroll-in,145.904,0.307,10.03434,10.03435
scroll-in,146.264,0.359,10.02946,10.02946
scroll-in,146.599,0.336,10.02491,10.02491
scroll-in,146.909,0.310,10.02074,10.02074
scroll-in,147.237,0.328,10.01633,10.01633
scroll-in,147.610,0.373,10.01135,10.01135
scroll-in,149.325,1.716,9.98875,9.98875
scroll-in,149.940,0.615,9.98077,9.98077
scroll-in,150.321,0.381,9.97586,9.97586
scroll-in,150.647,0.326,9.97168,9.97168
scroll-in,150.956,0.309,9.96773,9.96773
scroll-in,151.259,0.304,9.96387,9.96387
scroll-in,151.555,0.296,9.96012,9.96012
scroll-in,151.844,0.289,9.95647,9.95647
scroll-in,152.149,0.304,9.95264,9.95264
scroll-in,152.529,0.380,9.94788,9.94788
scroll-in,152.874,0.345,9.94359,9.94359
scroll-in,153.200,0.326,9.93955,9.93955
scroll-in,155.309,2.110,9.91381,9.91381
scroll-in,155.920,0.611,9.90648,9.90648
scroll-in,157.733,1.813,9.88509,9.88510
scroll-in,158.208,0.474,9.87958,9.87958
scroll-in,159.020,0.813,9.87022,9.87022
scroll-in,159.373,0.353,9.86619,9.86619
scroll-in,159.718,0.345,9.86226,9.86226
scroll-in,160.143,0.425,9.85745,9.85745
scroll-in,160.505,0.362,9.85337,9.85337
scroll-in,160.817,0.312,9.84987,9.84987
scroll-in,161.122,0.305,9.84647,9.84647
scroll-in,161.455,0.334,9.84276,9.84276
scroll-in,161.758,0.303,9.83940,9.83940
scroll-in,162.065,0.306,9.83602,9.83602
scroll-in,162.376,0.311,9.83260,9.83260
scroll-in,162.831,0.456,9.82762,9.82762
scroll-in,163.216,0.385,9.82344,9.82344
scroll-in,163.595,0.379,9.81934,9.81934
scroll-in,163.923,0.328,9.81581,9.81581
scroll-in,164.244,0.321,9.81237,9.81237
scroll-in,165.763,1.519,9.79627,9.79627
scroll-in,166.115,0.352,9.79259,9.79259
scroll-in,166.456,0.342,9.78903,9.78903
scroll-in,166.759,0.303,9.78590,9.78590
scroll-in,167.058,0.300,9.78280,9.78280
scroll-in,167.349,0.290,9.77981,9.77981
scroll-in,167.646,0.298,9.77676,9.77676
scroll-in,168.033,0.387,9.77281,9.77281
scroll-in,168.462,0.429,9.76846,9.76846
scroll-in,168.804,0.342,9.76500,9.76500
scroll-in,169.125,0.321,9.76177,9.76177
scroll-in,169.436,0.311,9.75865,9.75865
scroll-in,169.741,0.305,9.75561,9.75561
scroll-in,170.038,0.297,9.75266,9.75266
scroll-in,170.332,0.295,9.74974,9.74974
scroll-in,170.618,0.286,9.74693,9.74693
scroll-in,170.916,0.298,9.74400,9.74400
scroll-in,171.233,0.318,9.74089,9.74089
scroll-in,171.521,0.287,9.73809,9.73809
scroll-in,172.124,0.603,9.73224,9.73224
scroll-in,172.432,0.308,9.72927,9.72927
scroll-in,174.299,1.866,9.71154,9.71154
scroll-in,174.685,0.386,9.70792,9.70792
scroll-in,175.333,0.648,9.70190,9.70190
scroll-in,176.665,1.332,9.68966,9.68966
scroll-in,177.167,0.502,9.68511,9.68511
scroll-in,177.636,0.469,9.68087,9.68088
scroll-in,177.988,0.351,9.67772,9.67772
scroll-in,178.343,0.355,9.67455,9.67455
scroll-in,178.927,0.584,9.66937,9.66937
scroll-in,179.355,0.429,9.66559,9.66559
scroll-in,180.101,0.745,9.65907,9.65907
scroll-in,180.455,0.355,9.65599,9.65599
scroll-in,180.791,0.335,9.65309,9.65309
scroll-in,182.353,1.563,9.63974,9.63974
scroll-in,182.718,0.364,9.63666,9.63666
scroll-in,183.040,0.322,9.63396,9.63396
scroll-in,183.355,0.316,9.63132,9.63132
scroll-in,183.660,0.305,9.62878,9.62878
scroll-in,183.999,0.339,9.62596,9.62596
scroll-in,184.302,0.303,9.62346,9.62346
scroll-in,184.599,0.297,9.62102,9.62102
scroll-in,184.968,0.370,9.61799,9.61799
scroll-in,185.338,0.370,9.61497,9.61497
scroll-in,185.669,0.331,9.61228,9.61228
scroll-in,185.996,0.327,9.60964,9.60964
scroll-in,186.405,0.410,9.60634,9.60634
scroll-in,186.753,0.347,9.60356,9.60356
scroll-in,187.083,0.331,9.60092,9.60092
scroll-in,187.389,0.306,9.59849,9.59849
scroll-in,187.712,0.323,9.59593,9.59593
scroll-in,188.050,0.338,9.59327,9.59327
scroll-in,188.429,0.379,9.59030,9.59030
scroll-in,188.959,0.531,9.58617,9.58617
scroll-in,189.298,0.339,9.58354,9.58354
scroll-in,190.401,1.103,9.57507,9.57507
scroll-in,190.725,0.325,9.57260,9.57260
scroll-in,191.071,0.345,9.56998,9.56998
scroll-in,191.410,0.340,9.56742,9.56742
scroll-in,191.747,0.336,9.56489,9.56489
scroll-in,192.054,0.308,9.56259,9.56259
scroll-in,195.000,2.946,9.54100,9.54100
scroll-in,195.532,0.532,9.53718,9.53718
scroll-in,195.909,0.377,9.53449,9.53449
scroll-in,196.270,0.361,9.53193,9.53193
scroll-in,196.645,0.375,9.52929,9.52929
scroll-in,197.046,0.401,9.52647,9.52647
scroll-in,197.471,0.426,9.52350,9.52350
scroll-in,198.613,1.142,9.51559,9.51559
scroll-in,200.010,1.397,9.50608,9.50608
scroll-in,200.417,0.407,9.50334,9.50335
scroll-in,200.754,0.337,9.50109,9.50109
scroll-in,201.075,0.322,9.49894,9.49894
scroll-in,201.375,0.300,9.49695,9.49695
scroll-in,201.668,0.293,9.49501,9.49501
scroll-in,201.964,0.296,9.49306,9.49306
scroll-in,202.273,0.309,9.49102,9.49103
scroll-in,202.627,0.354,9.48871,9.48871
scroll-in,202.975,0.347,9.48645,9.48645
scroll-in,203.318,0.344,9.48422,9.48422
scroll-in,203.687,0.369,9.48184,9.48184
scroll-in,204.030,0.344,9.47963,9.47963
scroll-in,204.412,0.381,9.47719,9.47719
scroll-in,204.973,0.561,9.47362,9.47362
scroll-in,205.356,0.383,9.47120,9.47120
scroll-in,205.697,0.341,9.46906,9.46906
scroll-in,206.690,0.993,9.46286,9.46286
scroll-in,207.026,0.336,9.46078,9.46078
scroll-in,207.334,0.308,9.45888,9.45888
scroll-in,207.636,0.302,9.45703,9.45703
scroll-in,207.935,0.299,9.45520,9.45520
scroll-in,208.244,0.309,9.45332,9.45332
scroll-in,208.539,0.295,9.45153,9.45153
scroll-in,208.860,0.322,9.44959,9.44959
scroll-in,209.280,0.420,9.44706,9.44706
scroll-in,209.605,0.325,9.44511,9.44511
scroll-in,209.934,0.328,9.44315,9.44315
scroll-in,210.242,0.309,9.44132,9.44132
scroll-in,210.538,0.296,9.43957,9.43957
scroll-in,210.824,0.286,9.43789,9.43789
scroll-in,211.238,0.414,9.43545,9.43546
scroll-in,211.582,0.344,9.43345,9.43345
scroll-in,211.900,0.318,9.43160,9.43160
scroll-in,212.209,0.309,9.42981,9.42981
scroll-in,214.193,1.984,9.41847,9.41847
scroll-in,214.566,0.373,9.41637,9.41637
scroll-in,214.899,0.333,9.41451,9.41451
scroll-in,217.180,2.281,9.40194,9.40194
scroll-in,217.684,0.505,9.39921,9.39921
scroll-in,218.041,0.357,9.39729,9.39729
scroll-in,218.470,0.429,9.39499,9.39499
scroll-in,218.798,0.328,9.39324,9.39324
scroll-in,219.121,0.322,9.39152,9.39152
scroll-in,219.423,0.303,9.38992,9.38992
scroll-in,219.714,0.291,9.38839,9.38839
scroll-in,220.019,0.306,9.38679,9.38679
scroll-in,220.319,0.300,9.38522,9.38522
scroll-in,220.912,0.593,9.38214,9.38214
scroll-in,221.314,0.402,9.38006,9.38006
scroll-in,221.883,0.569,9.37713,9.37713
scroll-in,222.246,0.363,9.37528,9.37528
scroll-in,222.656,0.410,9.37319,9.37319
scroll-in,223.507,0.851,9.36890,9.36890
scroll-in,223.869,0.362,9.36709,9.36709
scroll-in,224.202,0.333,9.36543,9.36543
scroll-in,224.511,0.309,9.36390,9.36390
scroll-in,225.057,0.546,9.36120,9.36120
scroll-in,225.471,0.414,9.35917,9.35917
scroll-in,225.804,0.334,9.35754,9.35754
scroll-in,226.189,0.385,9.35567,9.35567
scroll-in,226.509,0.320,9.35412,9.35412
scroll-in,226.898,0.389,9.35224,9.35224
scroll-in,227.299,0.401,9.35032,9.35032
scroll-in,227.600,0.300,9.34889,9.34889
scroll-in,227.928,0.329,9.34732,9.34732
scroll-in,228.386,0.458,9.34515,9.34515
scroll-in,228.752,0.366,9.34343,9.34343
scroll-in,229.117,0.365,9.34172,9.34172
scroll-in,229.427,0.310,9.34028,9.34028
scroll-in,229.746,0.320,9.33879,9.33879
scroll-in,230.045,0.299,9.33741,9.33741
scroll-in,230.341,0.295,9.33604,9.33604
scroll-in,230.630,0.289,9.33471,9.33471
scroll-in,230.947,0.317,9.33326,9.33326
scroll-in,231.251,0.304,9.33187,9.33187
scroll-in,233.626,2.374,9.32122,9.32122
scroll-in,234.167,0.542,9.31883,9.31883
scroll-in,234.535,0.368,9.31722,9.31722
scroll-in,234.870,0.334,9.31576,9.31576
scroll-in,235.187,0.317,9.31438,9.31438
scroll-in,235.504,0.317,9.31301,9.31301
scroll-in,235.826,0.322,9.31162,9.31162
scroll-in,236.518,0.692,9.30866,9.30866
scroll-in,236.866,0.347,9.30718,9.30718
scroll-in,237.169,0.303,9.30589,9.30589
scroll-in,237.474,0.305,9.30461,9.30461
scroll-in,237.768,0.294,9.30337,9.30337
scroll-in,238.057,0.289,9.30216,9.30216
scroll-in,238.343,0.286,9.30097,9.30097
scroll-in,238.645,0.302,9.29971,9.29971
scroll-in,238.949,0.305,9.29845,9.29845
scroll-in,239.272,0.323,9.29711,9.29711
scroll-in,241.164,1.891,9.28941,9.28941
scroll-in,241.898,0.735,9.28647,9.28647
scroll-in,242.766,0.868,9.28302,9.28303
scroll-in,243.116,0.350,9.28165,9.28165
scroll-in,243.432,0.316,9.28041,9.28041
scroll-in,243.738,0.306,9.27921,9.27921
scroll-in,244.039,0.302,9.27804,9.27804
scroll-in,244.333,0.294,9.27690,9.27690
scroll-in,244.644,0.310,9.27570,9.27570
scroll-in,244.946,0.303,9.27454,9.27454
scroll-in,245.243,0.296,9.27340,9.27340
scroll-in,245.538,0.295,9.27228,9.27228
scroll-in,245.866,0.329,9.27103,9.27103
scroll-in,246.188,0.322,9.26981,9.26981
scroll-in,246.491,0.303,9.26866,9.26866
scroll-in,246.856,0.365,9.26729,9.26729
scroll-in,247.187,0.332,9.26605,9.26605
scroll-in,247.550,0.362,9.26470,9.26470
scroll-in,249.266,1.716,9.25839,9.25839
scroll-in,249.683,0.417,9.25687,9.25687
scroll-in,250.023,0.340,9.25564,9.25565
scroll-in,250.345,0.322,9.25449,9.25449
scroll-in,250.642,0.297,9.25342,9.25342
scroll-in,252.574,1.931,9.24659,9.24659
scroll-in,252.997,0.423,9.24512,9.24512
scroll-in,253.713,0.716,9.24264,9.24264
scroll-in,254.499,0.786,9.23994,9.23995
scroll-in,254.843,0.344,9.23877,9.23877
scroll-in,255.430,0.587,9.23679,9.23679
scroll-in,255.747,0.316,9.23572,9.23572
scroll-in,257.252,1.506,9.23071,9.23071
scroll-in,257.656,0.404,9.22938,9.22939
scroll-in,258.002,0.346,9.22825,9.22825
scroll-in,258.438,0.436,9.22683,9.22683
scroll-in,258.838,0.401,9.22553,9.22553
scroll-in,259.740,0.902,9.22263,9.22263
scroll-in,260.130,0.390,9.22139,9.22139
scroll-in,260.463,0.333,9.22033,9.22033
scroll-in,260.887,0.424,9.21899,9.21899
scroll-in,261.505,0.618,9.21705,9.21705
scroll-in,261.852,0.347,9.21597,9.21597
scroll-in,262.187,0.335,9.21493,9.21493
scroll-in,262.568,0.382,9.21375,9.21375
scroll-in,262.916,0.348,9.21267,9.21268
scroll-in,263.254,0.338,9.21164,9.21164
scroll-in,263.615,0.360,9.21054,9.21054
scroll-in,263.918,0.303,9.20961,9.20961
scroll-in,264.250,0.332,9.20861,9.20861
scroll-in,266.028,1.777,9.20329,9.20329
scroll-in,266.403,0.375,9.20218,9.20218
scroll-in,266.716,0.314,9.20126,9.20126
scroll-in,267.085,0.369,9.20018,9.20018
scroll-in,267.428,0.343,9.19918,9.19918
scroll-in,267.752,0.323,9.19824,9.19824
scroll-in,268.054,0.303,9.19737,9.19737
scroll-in,268.348,0.294,9.19652,9.19652
scroll-in,268.638,0.290,9.19569,9.19569
scroll-in,268.929,0.291,9.19486,9.19486
scroll-in,269.229,0.300,9.19400,9.19400
scroll-in,269.514,0.285,9.19319,9.19319
scroll-in,269.994,0.481,9.19184,9.19184
scroll-in,270.338,0.344,9.19087,9.19087
scroll-in,270.713,0.375,9.18982,9.18982
scroll-in,271.347,0.634,9.18805,9.18806
scroll-in,272.974,1.626,9.18359,9.18359
scroll-in,273.331,0.357,9.18262,9.18263
scroll-in,273.647,0.316,9.18177,9.18177
scroll-in,275.023,1.376,9.17809,9.17810
scroll-in,275.393,0.370,9.17712,9.17712
scroll-in,275.973,0.581,9.17559,9.17559
scroll-in,276.344,0.371,9.17462,9.17462
scroll-in,276.678,0.334,9.17376,9.17376
scroll-in,277.000,0.322,9.17292,9.17292
scroll-in,277.437,0.437,9.17180,9.17180
scroll-in,277.894,0.457,9.17062,9.17062
scroll-in,278.234,0.340,9.16976,9.16976
scroll-in,278.564,0.330,9.16892,9.16892
scroll-in,278.865,0.300,9.16816,9.16816
scroll-in,279.160,0.295,9.16741,9.16741
scroll-in,279.452,0.292,9.16668,9.16668
scroll-in,279.756,0.304,9.16592,9.16592
scroll-in,280.275,0.519,9.16462,9.16462
scroll-in,280.851,0.576,9.16320,9.16320
scroll-in,281.209,0.358,9.16232,9.16232
scroll-in,282.767,1.559,9.15853,9.15853
scroll-in,283.257,0.489,9.15735,9.15735
scroll-in,283.603,0.347,9.15653,9.15653
scroll-in,283.929,0.326,9.15575,9.15575
scroll-in,284.317,0.388,9.15483,9.15483
scroll-in,284.656,0.338,9.15403,9.15403
scroll-in,284.969,0.313,9.15330,9.15330
scroll-in,285.362,0.393,9.15238,9.15238
scroll-in,285.701,0.339,9.15159,9.15159
scroll-in,286.017,0.316,9.15085,9.15085
scroll-in,286.321,0.303,9.15015,9.15015
scroll-in,286.618,0.298,9.14947,9.14947
scroll-in,286.916,0.298,9.14879,9.14879
scroll-in,287.465,0.548,9.14753,9.14753
scroll-in,287.796,0.331,9.14678,9.14678
scroll-in,288.108,0.312,9.14608,9.14608
scroll-in,288.422,0.314,9.14537,9.14537
scroll-in,288.720,0.298,9.14470,9.14470
scroll-in,290.082,1.362,9.14168,9.14168
scroll-in,290.439,0.358,9.14089,9.14089
scroll-in,290.740,0.300,9.14023,9.14024
scroll-in,292.665,1.925,9.13608,9.13608
scroll-in,293.173,0.508,9.13500,9.13500
scroll-in,293.551,0.379,9.13420,9.13420
scroll-in,293.989,0.437,9.13328,9.13328
scroll-in,294.322,0.333,9.13258,9.13258
scroll-in,294.637,0.316,9.13192,9.13192
scroll-in,294.953,0.316,9.13126,9.13127
scroll-in,295.369,0.417,9.13040,9.13040
scroll-in,295.681,0.312,9.12976,9.12976
scroll-in,296.003,0.322,9.12910,9.12910
scroll-in,296.730,0.728,9.12762,9.12762
scroll-in,297.347,0.617,9.12637,9.12637
scroll-in,297.921,0.574,9.12522,9.12522
scroll-in,299.660,1.739,9.12177,9.12178
scroll-in,300.077,0.417,9.12096,9.12096
scroll-in,300.444,0.367,9.12025,9.12025
scroll-in,300.775,0.331,9.11960,9.11961
scroll-in,301.104,0.329,9.11897,9.11897
scroll-in,301.494,0.390,9.11822,9.11822
scroll-in,301.878,0.384,9.11749,9.11749
scroll-in,302.205,0.327,9.11687,9.11687
scroll-in,302.545,0.339,9.11622,9.11622
scroll-in,302.877,0.333,9.11559,9.11560
scroll-in,303.173,0.296,9.11504,9.11504
scroll-in,303.877,0.704,9.11372,9.11372
scroll-in,304.201,0.325,9.11312,9.11312
scroll-in,304.639,0.437,9.11231,9.11231
scroll-in,304.932,0.294,9.11177,9.11177
scroll-in,305.216,0.284,9.11125,9.11125
scroll-in,305.506,0.290,9.11072,9.11072
scroll-in,306.201,0.695,9.10946,9.10946
scroll-in,306.755,0.555,9.10846,9.10846
scroll-in,307.107,0.351,9.10783,9.10783
scroll-in,307.593,0.487,9.10696,9.10696
scroll-in,307.923,0.330,9.10638,9.10638
scroll-in,308.428,0.505,9.10549,9.10549
scroll-in,308.787,0.359,9.10486,9.10486
scroll-in,312.147,3.360,9.09909,9.09909
scroll-in,312.744,0.597,9.09809,9.09809
scroll-in,313.155,0.412,9.09740,9.09740
scroll-in,313.587,0.432,9.09669,9.09669
scroll-in,313.940,0.353,9.09610,9.09611
scroll-in,314.280,0.340,9.09555,9.09555
scroll-in,316.295,2.015,9.09228,9.09228
scroll-in,316.838,0.543,9.09142,9.09142
scroll-in,317.195,0.358,9.09085,9.09085
scroll-in,317.516,0.320,9.09035,9.09035
scroll-in,317.868,0.353,9.08979,9.08979
scroll-in,318.241,0.372,9.08921,9.08921
scroll-in,318.662,0.421,9.08855,9.08855
scroll-in,318.987,0.326,9.08805,9.08805
scroll-in,319.301,0.314,9.08756,9.08756
scroll-in,319.721,0.419,9.08692,9.08692
scroll-in,320.068,0.347,9.08639,9.08639
scroll-in,320.385,0.317,9.08591,9.08591
scroll-in,320.902,0.518,9.08512,9.08512
scroll-in,321.202,0.300,9.08467,9.08467
scroll-in,321.588,0.386,9.08409,9.08409
scroll-in,321.889,0.301,9.08364,9.08364
scroll-in,322.185,0.296,9.08320,9.08320
scroll-in,322.502,0.317,9.08273,9.08273
scroll-in,323.451,0.949,9.08133,9.08133
scroll-in,323.771,0.320,9.08086,9.08086
scroll-in,324.269,0.498,9.08013,9.08013
scroll-in,324.696,0.427,9.07951,9.07952
scroll-in,325.240,0.544,9.07873,9.07873
scroll-in,325.680,0.440,9.07810,9.07810
scroll-in,326.653,0.973,9.07672,9.07672
scroll-in,327.026,0.373,9.07620,9.07620
scroll-in,327.374,0.348,9.07571,9.07571
scroll-in,327.695,0.321,9.07526,9.07526
scroll-in,328.020,0.325,9.07481,9.07481
scroll-in,328.331,0.311,9.07438,9.07438
scroll-in,328.633,0.302,9.07396,9.07396
scroll-in,328.938,0.305,9.07355,9.07355
scroll-in,329.231,0.292,9.07314,9.07315
scroll-in,331.291,2.060,9.07036,9.07037
scroll-in,331.713,0.422,9.06980,9.06980
scroll-in,332.439,0.726,9.06885,9.06885
scroll-in,332.974,0.535,9.06814,9.06815
scroll-in,334.045,1.071,9.06676,9.06676
scroll-in,334.630,0.585,9.06601,9.06601
scroll-in,335.220,0.590,9.06525,9.06525
scroll-in,335.806,0.586,9.06451,9.06451
scroll-in,336.225,0.420,9.06398,9.06398
scroll-in,336.745,0.520,9.06333,9.06333
scroll-in,337.066,0.321,9.06293,9.06293
scroll-in,337.378,0.312,9.06255,9.06255
scroll-in,338.196,0.819,9.06154,9.06154
scroll-in,338.537,0.341,9.06112,9.06112
scroll-in,338.857,0.321,9.06073,9.06073
scroll-in,339.169,0.311,9.06035,9.06036
scroll-in,339.471,0.303,9.05999,9.05999
scroll-in,340.612,1.140,9.05862,9.05862
scroll-in,340.911,0.300,9.05827,9.05827
scroll-in,341.216,0.305,9.05791,9.05791
scroll-in,341.537,0.321,9.05753,9.05753
scroll-in,341.854,0.316,9.05715,9.05716
scroll-in,342.423,0.570,9.05649,9.05649
scroll-in,342.807,0.384,9.05604,9.05604
scroll-in,343.130,0.322,9.05567,9.05567
scroll-in,343.437,0.307,9.05532,9.05532
scroll-in,343.888,0.451,9.05480,9.05480
scroll-in,344.269,0.381,9.05437,9.05437
scroll-in,344.739,0.470,9.05383,9.05383
scroll-in,345.235,0.496,9.05327,9.05327
scroll-in,345.992,0.757,9.05242,9.05243
scroll-in,346.493,0.501,9.05187,9.05187
scroll-in,347.025,0.532,9.05128,9.05128
scroll-in,347.496,0.470,9.05076,9.05076
scroll-in,352.141,4.645,9.04582,9.04582
scroll-in,352.600,0.460,9.04534,9.04535
scroll-in,352.978,0.377,9.04496,9.04496
scroll-in,353.300,0.322,9.04463,9.04463
scroll-in,353.607,0.307,9.04431,9.04432
scroll-in,353.903,0.296,9.04402,9.04402
scroll-in,354.198,0.295,9.04372,9.04372
scroll-in,354.739,0.541,9.04317,9.04317
scroll-in,355.053,0.314,9.04286,9.04286
scroll-in,355.351,0.298,9.04256,9.04256
scroll-in,355.781,0.431,9.04213,9.04213
scroll-in,357.407,1.626,9.04054,9.04054
scroll-in,357.795,0.388,9.04016,9.04016
scroll-in,358.134,0.338,9.03984,9.03984
scroll-in,358.481,0.347,9.03950,9.03950
scroll-in,358.871,0.390,9.03913,9.03913
scroll-in,359.288,0.417,9.03873,9.03873
scroll-in,359.626,0.338,9.03841,9.03841
scroll-in,359.931,0.305,9.03813,9.03813
scroll-in,360.225,0.294,9.03785,9.03785
scroll-in,360.513,0.288,9.03758,9.03758
scroll-in,360.936,0.423,9.03719,9.03719
scroll-in,361.281,0.345,9.03687,9.03687
scroll-in,361.605,0.324,9.03657,9.03657
scroll-in,361.912,0.307,9.03628,9.03628
scroll-in,362.208,0.296,9.03601,9.03601
scroll-in,362.549,0.341,9.03570,9.03570
scroll-in,362.972,0.423,9.03532,9.03532
scroll-in,363.329,0.357,9.03499,9.03499
scroll-in,363.641,0.312,9.03471,9.03471
scroll-in,363.977,0.336,9.03441,9.03441
scroll-in,364.337,0.360,9.03409,9.03409
scroll-in,365.653,1.316,9.03292,9.03292
scroll-in,365.989,0.336,9.03263,9.03263
scroll-in,366.336,0.347,9.03232,9.03232
scroll-in,366.711,0.375,9.03200,9.03200
scroll-in,367.033,0.322,9.03172,9.03172
scroll-in,367.386,0.353,9.03141,9.03142
scroll-in,367.734,0.348,9.03112,9.03112
scroll-in,368.086,0.353,9.03081,9.03081
scroll-in,368.415,0.329,9.03053,9.03053
scroll-in,370.887,2.471,9.02847,9.02847
scroll-in,371.259,0.372,9.02816,9.02816
scroll-in,371.584,0.325,9.02789,9.02789
scroll-in,372.163,0.580,9.02742,9.02742
scroll-in,372.514,0.351,9.02714,9.02714
scroll-in,374.494,1.980,9.02555,9.02555
scroll-in,375.454,0.960,9.02480,9.02480
scroll-in,376.221,0.766,9.02421,9.02421
scroll-in,376.607,0.387,9.02391,9.02391
scroll-in,376.947,0.340,9.02365,9.02365
scroll-in,377.288,0.341,9.02338,9.02339
scroll-in,377.635,0.347,9.02312,9.02312
scroll-in,378.295,0.660,9.02262,9.02262
scroll-in,378.676,0.382,9.02233,9.02233
scroll-in,379.023,0.346,9.02207,9.02208
scroll-in,379.394,0.372,9.02180,9.02180
scroll-in,379.779,0.384,9.02151,9.02151
scroll-in,380.115,0.337,9.02126,9.02126
scroll-in,380.443,0.328,9.02102,9.02102
scroll-in,382.284,1.840,9.01968,9.01969
scroll-in,382.696,0.412,9.01939,9.01939
scroll-in,383.029,0.334,9.01915,9.01915
scroll-in,383.347,0.318,9.01892,9.01893
scroll-in,383.651,0.304,9.01871,9.01871
scroll-in,383.952,0.300,9.01850,9.01850
scroll-in,384.246,0.294,9.01829,9.01829
scroll-in,384.541,0.295,9.01808,9.01809
scroll-in,384.871,0.331,9.01785,9.01785
scroll-in,385.272,0.401,9.01758,9.01758
scroll-in,385.601,0.329,9.01735,9.01735
scroll-in,385.917,0.317,9.01713,9.01713
scroll-in,386.450,0.532,9.01676,9.01677
scroll-in,393.105,6.656,9.01239,9.01240
scroll-in,395.649,2.544,9.01082,9.01082
scroll-in,396.696,1.047,9.01018,9.01018
scroll-in,397.118,0.422,9.00992,9.00993
scroll-in,397.452,0.334,9.00973,9.00973
scroll-in,397.785,0.333,9.00953,9.00953
scroll-in,398.228,0.443,9.00926,9.00926
scroll-in,400.339,2.111,9.00803,9.00803
scroll-in,401.377,1.038,9.00743,9.00743
scroll-in,401.766,0.389,9.00721,9.00721
scroll-in,402.105,0.339,9.00702,9.00702
scroll-in,402.425,0.321,9.00684,9.00684
scroll-in,402.748,0.323,9.00665,9.00666
scroll-in,403.222,0.474,9.00639,9.00639
scroll-in,403.592,0.370,9.00618,9.00618
scroll-in,403.923,0.331,9.00600,9.00600
scroll-in,404.242,0.319,9.00582,9.00582
scroll-in,404.667,0.424,9.00559,9.00559
scroll-in,405.020,0.354,9.00540,9.00540
scroll-in,405.406,0.385,9.00519,9.00519
scroll-in,405.766,0.360,9.00499,9.00499
scroll-in,406.857,1.091,9.00440,9.00441
scroll-in,407.232,0.375,9.00420,9.00421
scroll-in,407.859,0.627,9.00387,9.00387
scroll-in,408.217,0.358,9.00368,9.00368
scroll-in,408.543,0.326,9.00351,9.00351
scroll-in,408.863,0.320,9.00335,9.00335
scroll-in,411.121,2.258,9.00218,9.00218
scroll-in,411.535,0.415,9.00197,9.00198
scroll-in,412.148,0.613,9.00167,9.00167
scroll-in,413.052,0.903,9.00122,9.00122
scroll-in,413.412,0.360,9.00104,9.00104
scroll-in,413.768,0.356,9.00086,9.00086
scroll-in,414.082,0.315,9.00071,9.00071
scroll-in,414.457,0.375,9.00053,9.00053
scroll-in,414.805,0.348,9.00036,9.00036
scroll-in,417.066,2.262,8.99927,8.99927
scroll-in,417.527,0.461,8.99906,8.99906
scroll-in,417.895,0.367,8.99888,8.99888
scroll-in,418.212,0.317,8.99874,8.99874
scroll-in,418.523,0.311,8.99859,8.99859
scroll-in,418.859,0.336,8.99844,8.99844
scroll-in,419.161,0.302,8.99830,8.99830
scroll-in,419.455,0.294,8.99816,8.99816
scroll-in,419.743,0.288,8.99803,8.99803
scroll-in,420.036,0.293,8.99790,8.99790
scroll-in,420.340,0.304,8.99776,8.99776
scroll-in,420.632,0.292,8.99762,8.99763
scroll-in,420.922,0.290,8.99749,8.99749
scroll-in,421.235,0.312,8.99735,8.99735
scroll-in,421.522,0.287,8.99722,8.99722
scroll-in,421.810,0.288,8.99710,8.99710
scroll-in,422.122,0.312,8.99696,8.99696
scroll-in,422.650,0.528,8.99672,8.99672
scroll-in,423.841,1.191,8.99620,8.99620
scroll-in,424.229,0.388,8.99603,8.99603
scroll-in,424.652,0.423,8.99585,8.99585
scroll-in,425.061,0.409,8.99567,8.99567
scroll-in,425.632,0.572,8.99543,8.99543
scroll-in,426.178,0.546,8.99520,8.99520
scroll-in,426.502,0.323,8.99506,8.99506
scroll-in,426.829,0.327,8.99492,8.99492
scroll-in,427.124,0.295,8.99480,8.99480
scroll-in,427.418,0.295,8.99468,8.99468
scroll-in,427.716,0.298,8.99455,8.99455
scroll-in,428.072,0.356,8.99440,8.99441
scroll-in,428.399,0.327,8.99427,8.99427
scroll-in,430.913,2.515,8.99325,8.99325
scroll-in,431.319,0.406,8.99309,8.99309
scroll-in,431.678,0.359,8.99294,8.99295
scroll-in,433.334,1.656,8.99230,8.99230
scroll-in,433.783,0.450,8.99212,8.99212
scroll-in,434.130,0.346,8.99199,8.99199
scroll-in,434.456,0.327,8.99186,8.99186
scroll-in,435.208,0.752,8.99158,8.99158
scroll-in,435.559,0.351,8.99144,8.99144
scroll-in,435.884,0.326,8.99132,8.99132
scroll-in,436.196,0.312,8.99120,8.99120
scroll-in,436.548,0.352,8.99107,8.99107
scroll-in,436.871,0.323,8.99095,8.99095
scroll-in,437.204,0.332,8.99083,8.99083
scroll-in,437.529,0.325,8.99071,8.99071
scroll-in,437.833,0.304,8.99060,8.99060
scroll-in,438.127,0.295,8.99049,8.99049
scroll-in,438.449,0.322,8.99037,8.99037
scroll-in,438.772,0.324,8.99025,8.99025
scroll-in,439.083,0.311,8.99014,8.99014
scroll-in,440.018,0.935,8.98980,8.98980
scroll-in,440.424,0.406,8.98966,8.98966
scroll-in,440.828,0.404,8.98951,8.98951
scroll-in,441.537,0.708,8.98926,8.98926
scroll-in,441.858,0.322,8.98915,8.98915
scroll-in,442.582,0.724,8.98890,8.98890
scroll-in,442.892,0.310,8.98879,8.98879
scroll-in,443.324,0.431,8.98864,8.98864
scroll-in,443.669,0.345,8.98852,8.98852
scroll-in,443.999,0.330,8.98841,8.98841
scroll-in,444.325,0.326,8.98830,8.98830
scroll-in,444.662,0.337,8.98818,8.98819
scroll-in,444.964,0.302,8.98808,8.98808
scroll-in,445.257,0.293,8.98798,8.98798
scroll-in,445.558,0.302,8.98788,8.98788
scroll-in,445.868,0.310,8.98778,8.98778
scroll-in,446.330,0.462,8.98763,8.98763
scroll-in,446.670,0.340,8.98751,8.98751
scroll-in,446.995,0.325,8.98741,8.98741
scroll-in,449.003,2.008,8.98675,8.98675
scroll-in,450.423,1.420,8.98630,8.98630
scroll-in,450.832,0.409,8.98617,8.98617
scroll-in,451.146,0.314,8.98607,8.98607
scroll-in,452.248,1.101,8.98573,8.98573
scroll-in,452.748,0.501,8.98557,8.98557
scroll-in,453.084,0.336,8.98547,8.98547
scroll-in,453.499,0.415,8.98534,8.98535
scroll-in,454.127,0.628,8.98515,8.98515
scroll-in,454.682,0.555,8.98499,8.98499
scroll-in,455.028,0.346,8.98488,8.98488
scroll-in,455.364,0.337,8.98478,8.98478
scroll-in,455.768,0.404,8.98466,8.98466
scroll-in,456.134,0.366,8.98455,8.98456
scroll-in,457.263,1.129,8.98422,8.98422
scroll-in,457.664,0.402,8.98411,8.98411
scroll-in,458.074,0.410,8.98399,8.98399
scroll-in,458.431,0.356,8.98389,8.98389
scroll-in,459.725,1.295,8.98352,8.98352
scroll-in,460.075,0.349,8.98342,8.98342
scroll-in,460.375,0.300,8.98333,8.98334
scroll-in,460.669,0.294,8.98325,8.98325
scroll-in,460.974,0.305,8.98317,8.98317
scroll-in,461.269,0.296,8.98308,8.98309
scroll-in,461.574,0.304,8.98300,8.98300
scroll-in,462.009,0.435,8.98288,8.98288
scroll-in,462.503,0.494,8.98275,8.98275
scroll-in,462.811,0.309,8.98266,8.98266
scroll-in,463.104,0.293,8.98258,8.98258
scroll-in,463.398,0.294,8.98250,8.98250
scroll-in,463.798,0.400,8.98239,8.98240
scroll-in,464.219,0.422,8.98228,8.98228
scroll-in,466.425,2.206,8.98170,8.98170
scroll-in,466.931,0.506,8.98157,8.98157
scroll-in,467.409,0.478,8.98144,8.98144
scroll-in,467.797,0.388,8.98134,8.98134
scroll-in,468.174,0.377,8.98125,8.98125
scroll-in,468.520,0.346,8.98116,8.98116
scroll-in,468.827,0.307,8.98108,8.98108
scroll-in,469.126,0.299,8.98101,8.98101
scroll-in,471.112,1.987,8.98051,8.98051
scroll-in,471.533,0.420,8.98041,8.98041
scroll-in,471.900,0.367,8.98032,8.98032
scroll-in,472.388,0.489,8.98020,8.98020
scroll-in,472.848,0.460,8.98009,8.98009
scroll-in,473.221,0.373,8.98000,8.98000
scroll-in,474.328,1.107,8.97973,8.97973
scroll-in,474.755,0.427,8.97963,8.97963
scroll-in,475.559,0.804,8.97944,8.97944
scroll-in,476.186,0.628,8.97930,8.97930
scroll-in,477.468,1.282,8.97900,8.97900
scroll-in,477.930,0.462,8.97890,8.97890
scroll-in,478.278,0.347,8.97882,8.97882
scroll-in,478.593,0.316,8.97875,8.97875
scroll-in,478.915,0.322,8.97867,8.97868
scroll-in,479.444,0.529,8.97856,8.97856
scroll-in,479.886,0.442,8.97846,8.97846
scroll-in,480.289,0.403,8.97837,8.97837
scroll-in,480.878,0.589,8.97824,8.97824
scroll-in,481.385,0.507,8.97813,8.97813
scroll-in,482.628,1.243,8.97786,8.97786
scroll-in,483.343,0.715,8.97771,8.97771
scroll-in,483.730,0.387,8.97762,8.97763
scroll-in,484.054,0.324,8.97756,8.97756
scroll-in,484.418,0.364,8.97748,8.97748
scroll-in,484.757,0.338,8.97741,8.97741
scroll-in,485.107,0.350,8.97734,8.97734
scroll-in,485.459,0.353,8.97726,8.97726
scroll-in,485.796,0.336,8.97719,8.97719
scroll-in,486.123,0.328,8.97713,8.97713
scroll-in,486.425,0.302,8.97706,8.97706
scroll-in,486.778,0.352,8.97699,8.97699
scroll-in,487.076,0.298,8.97693,8.97693
scroll-in,487.361,0.285,8.97687,8.97687
scroll-in,487.661,0.300,8.97681,8.97681
scroll-in,487.955,0.293,8.97675,8.97675
scroll-in,488.234,0.280,8.97670,8.97670
scroll-in,490.402,2.168,8.97627,8.97627
scroll-in,490.903,0.501,8.97617,8.97617
scroll-in,492.901,1.998,8.97579,8.97579
scroll-in,493.584,0.684,8.97566,8.97566
scroll-in,494.385,0.801,8.97551,8.97551
scroll-in,494.745,0.359,8.97544,8.97544
scroll-in,495.338,0.593,8.97533,8.97533
scroll-in,495.695,0.358,8.97527,8.97527
scroll-in,496.129,0.434,8.97519,8.97519
scroll-in,496.487,0.358,8.97512,8.97512
scroll-in,496.852,0.365,8.97506,8.97506
scroll-in,497.209,0.357,8.97499,8.97499
scroll-in,497.543,0.334,8.97493,8.97493
scroll-in,499.137,1.594,8.97465,8.97465
scroll-in,499.939,0.802,8.97451,8.97451
scroll-in,500.261,0.322,8.97445,8.97445
scroll-in,500.569,0.308,8.97440,8.97440
scroll-in,500.866,0.297,8.97435,8.97435
scroll-in,501.175,0.309,8.97429,8.97429
scroll-in,501.493,0.318,8.97424,8.97424
scroll-in,501.787,0.294,8.97419,8.97419
scroll-in,502.158,0.371,8.97413,8.97413
scroll-in,502.472,0.314,8.97407,8.97407
scroll-in,502.769,0.297,8.97402,8.97402
scroll-in,503.061,0.292,8.97397,8.97397
scroll-in,503.362,0.301,8.97392,8.97392
scroll-in,503.661,0.299,8.97387,8.97387
scroll-in,503.955,0.294,8.97382,8.97382
scroll-in,504.255,0.299,8.97377,8.97378
scroll-in,504.543,0.289,8.97373,8.97373
scroll-in,504.829,0.286,8.97368,8.97368
scroll-in,505.125,0.296,8.97363,8.97363
scroll-in,505.835,0.711,8.97352,8.97352
scroll-in,506.470,0.634,8.97341,8.97341
scroll-in,506.845,0.376,8.97335,8.97335
scroll-in,507.191,0.346,8.97330,8.97330
scroll-in,509.825,2.634,8.97288,8.97288
scroll-in,510.387,0.563,8.97280,8.97280
scroll-in,511.303,0.915,8.97266,8.97266
scroll-in,511.774,0.472,8.97259,8.97259
scroll-in,512.683,0.909,8.97245,8.97245
scroll-in,513.227,0.544,8.97237,8.97237
scroll-in,513.780,0.553,8.97229,8.97229
scroll-in,514.142,0.362,8.97223,8.97223
scroll-in,514.468,0.326,8.97219,8.97219
scroll-in,516.213,1.745,8.97193,8.97193
scroll-in,516.632,0.420,8.97187,8.97187
scroll-in,516.936,0.304,8.97183,8.97183
scroll-in,517.259,0.323,8.97178,8.97178
scroll-in,517.582,0.323,8.97174,8.97174
scroll-in,517.882,0.300,8.97170,8.97170
scroll-in,518.167,0.285,8.97165,8.97166
scroll-in,518.459,0.292,8.97161,8.97162
scroll-in,518.757,0.298,8.97157,8.97157
scroll-in,519.085,0.328,8.97153,8.97153
scroll-in,519.399,0.314,8.97148,8.97148
scroll-in,519.702,0.303,8.97144,8.97144
scroll-in,520.007,0.306,8.97140,8.97140
scroll-in,520.305,0.298,8.97136,8.97136
scroll-in,520.701,0.396,8.97131,8.97131
scroll-in,521.041,0.340,8.97126,8.97126
scroll-in,521.364,0.323,8.97122,8.97122
scroll-in,521.674,0.311,8.97118,8.97118
scroll-in,521.970,0.296,8.97114,8.97114
scroll-in,522.285,0.315,8.97109,8.97109
scroll-in,522.573,0.288,8.97106,8.97106
scroll-in,523.595,1.022,8.97092,8.97092
scroll-in,523.921,0.326,8.97088,8.97088
scroll-in,524.315,0.394,8.97083,8.97083
scroll-in,524.761,0.447,8.97077,8.97077
scroll-in,525.165,0.404,8.97072,8.97072
scroll-in,525.529,0.364,8.97067,8.97067
scroll-in,526.003,0.473,8.97061,8.97061
scroll-in,526.488,0.486,8.97055,8.97055
scroll-in,526.839,0.351,8.97050,8.97050
scroll-in,527.161,0.321,8.97046,8.97046
scroll-in,529.662,2.501,8.97015,8.97015
scroll-in,530.103,0.441,8.97010,8.97010
scroll-in,530.553,0.451,8.97004,8.97005
scroll-in,530.921,0.368,8.97000,8.97000
scroll-in,531.307,0.387,8.96995,8.96995
scroll-in,532.785,1.478,8.96978,8.96978
scroll-in,533.204,0.419,8.96973,8.96973
scroll-in,533.566,0.362,8.96969,8.96969
scroll-in,533.898,0.332,8.96965,8.96965
scroll-in,534.204,0.307,8.96961,8.96961
scroll-in,534.506,0.301,8.96958,8.96958
scroll-in,534.910,0.404,8.96953,8.96953
scroll-in,535.260,0.350,8.96949,8.96949
scroll-in,535.582,0.323,8.96946,8.96946
scroll-in,535.909,0.327,8.96942,8.96942
scroll-in,536.316,0.407,8.96937,8.96937
scroll-in,536.660,0.344,8.96933,8.96933
scroll-in,536.989,0.329,8.96930,8.96930
scroll-in,537.312,0.323,8.96926,8.96926
scroll-in,537.624,0.312,8.96923,8.96923
scroll-in,538.037,0.413,8.96918,8.96918
scroll-in,538.504,0.467,8.96913,8.96913
scroll-in,538.834,0.330,8.96909,8.96909
scroll-in,539.144,0.310,8.96906,8.96906
scroll-in,540.436,1.292,8.96892,8.96892
scroll-in,540.760,0.324,8.96889,8.96889
scroll-in,541.111,0.351,8.96885,8.96885
scroll-in,541.426,0.315,8.96882,8.96882
scroll-in,541.724,0.298,8.96878,8.96878
scroll-in,542.026,0.302,8.96875,8.96875
scroll-in,542.351,0.325,8.96872,8.96872
scroll-in,543.061,0.710,8.96864,8.96864
scroll-in,543.502,0.441,8.96860,8.96860
scroll-in,543.841,0.338,8.96856,8.96856
scroll-in,544.292,0.451,8.96852,8.96852
scroll-in,544.703,0.411,8.96848,8.96848
scroll-in,545.138,0.436,8.96843,8.96843
scroll-in,545.645,0.507,8.96838,8.96838
scroll-in,545.968,0.323,8.96835,8.96835
scroll-in,546.337,0.370,8.96831,8.96831
scroll-in,546.637,0.300,8.96828,8.96828
scroll-in,548.932,2.294,8.96805,8.96806
scroll-in,550.491,1.559,8.96791,8.96791
scroll-in,551.091,0.600,8.96785,8.96785
scroll-in,552.542,1.451,8.96771,8.96771
scroll-in,553.348,0.806,8.96764,8.96764
scroll-in,553.698,0.350,8.96761,8.96761
scroll-in,554.017,0.319,8.96758,8.96758
scroll-in,554.327,0.310,8.96755,8.96755
scroll-in,554.643,0.316,8.96752,8.96752
scroll-in,554.973,0.330,8.96749,8.96749
scroll-in,555.292,0.320,8.96746,8.96746
scroll-in,555.641,0.349,8.96743,8.96743
scroll-in,557.244,1.603,8.96729,8.96729
scroll-in,557.645,0.401,8.96725,8.96726
scroll-in,557.984,0.339,8.96723,8.96723
scroll-in,558.304,0.320,8.96720,8.96720
scroll-in,558.621,0.317,8.96717,8.96717
scroll-in,559.152,0.531,8.96713,8.96713
scroll-in,559.471,0.319,8.96710,8.96710
scroll-in,559.793,0.322,8.96707,8.96707
scroll-in,560.130,0.336,8.96704,8.96704
scroll-in,560.432,0.303,8.96702,8.96702
scroll-in,560.795,0.363,8.96699,8.96699
scroll-in,561.095,0.300,8.96696,8.96696
scroll-in,561.397,0.302,8.96694,8.96694
scroll-in,561.731,0.334,8.96691,8.96691
scroll-in,562.272,0.541,8.96686,8.96686
scroll-in,562.922,0.650,8.96681,8.96681
scroll-in,563.241,0.319,8.96678,8.96678
scroll-in,563.545,0.305,8.96676,8.96676
scroll-in,563.866,0.320,8.96673,8.96673
scroll-in,564.174,0.308,8.96671,8.96671
scroll-in,565.520,1.346,8.96660,8.96660
scroll-in,565.872,0.352,8.96657,8.96657
scroll-in,566.172,0.300,8.96655,8.96655
scroll-in,567.671,1.499,8.96643,8.96643
scroll-in,568.172,0.501,8.96639,8.96639
scroll-in,568.539,0.367,8.96637,8.96637
scroll-in,568.885,0.347,8.96634,8.96634
scroll-in,569.240,0.354,8.96631,8.96631
scroll-in,569.625,0.385,8.96628,8.96628
scroll-in,569.940,0.315,8.96626,8.96626
scroll-in,570.267,0.327,8.96624,8.96624
scroll-in,570.614,0.347,8.96621,8.96621
scroll-in,570.913,0.300,8.96619,8.96619
scroll-in,571.217,0.304,8.96616,8.96617
scroll-in,571.639,0.422,8.96613,8.96613
scroll-in,572.026,0.386,8.96610,8.96611
scroll-in,572.369,0.343,8.96608,8.96608
scroll-in,572.688,0.319,8.96606,8.96606
scroll-in,574.656,1.968,8.96591,8.96592
scroll-in,575.307,0.651,8.96587,8.96587
scroll-in,575.726,0.419,8.96584,8.96584
scroll-in,576.093,0.367,8.96581,8.96581
scroll-in,576.461,0.368,8.96579,8.96579
scroll-in,576.813,0.353,8.96576,8.96576
scroll-in,577.167,0.353,8.96574,8.96574
scroll-in,577.515,0.348,8.96572,8.96572
scroll-in,577.854,0.339,8.96569,8.96569
scroll-in,578.419,0.566,8.96565,8.96565
scroll-in,578.756,0.337,8.96563,8.96563
scroll-in,579.151,0.395,8.96560,8.96561
scroll-in,579.533,0.382,8.96558,8.96558
scroll-in,579.885,0.352,8.96556,8.96556
scroll-in,580.226,0.340,8.96553,8.96553
scroll-in,580.563,0.337,8.96551,8.96551
scroll-in,581.095,0.532,8.96548,8.96548
scroll-in,582.578,1.484,8.96538,8.96538
scroll-in,582.981,0.402,8.96535,8.96535
scroll-in,583.358,0.377,8.96533,8.96533
scroll-in,583.721,0.363,8.96531,8.96531
scroll-in,584.071,0.351,8.96528,8.96528
scroll-in,584.400,0.329,8.96526,8.96526
scroll-in,584.697,0.297,8.96524,8.96524
scroll-in,585.002,0.305,8.96522,8.96522
scroll-in,585.291,0.289,8.96521,8.96521
scroll-in,587.495,2.204,8.96507,8.96507
scroll-in,587.884,0.389,8.96505,8.96505
scroll-in,588.251,0.366,8.96502,8.96503
scroll-in,588.580,0.329,8.96500,8.96501
scroll-in,588.998,0.418,8.96498,8.96498
scroll-in,589.389,0.391,8.96496,8.96496
scroll-in,589.722,0.333,8.96494,8.96494
scroll-in,590.755,1.034,8.96488,8.96488
scroll-in,591.117,0.362,8.96486,8.96486
scroll-in,591.595,0.477,8.96483,8.96483
scroll-in,592.007,0.412,8.96480,8.96480
scroll-in,593.298,1.291,8.96473,8.96473
scroll-in,593.679,0.381,8.96471,8.96471
scroll-in,594.038,0.360,8.96469,8.96469
scroll-in,594.394,0.356,8.96467,8.96467
scroll-in,594.726,0.333,8.96465,8.96465
scroll-in,595.223,0.497,8.96462,8.96462
scroll-in,595.562,0.339,8.96460,8.96460
scroll-in,595.907,0.346,8.96458,8.96458
scroll-in,596.252,0.345,8.96456,8.96456
scroll-in,596.574,0.322,8.96455,8.96455
scroll-in,596.919,0.346,8.96453,8.96453
scroll-in,597.249,0.330,8.96451,8.96451
scroll-in,597.578,0.329,8.96449,8.96449
scroll-in,599.556,1.978,8.96439,8.96439
scroll-in,600.531,0.974,8.96434,8.96434
scroll-in,601.024,0.493,8.96431,8.96431
scroll-in,601.464,0.440,8.96429,8.96429
scroll-in,601.820,0.356,8.96427,8.96427
scroll-in,602.183,0.364,8.96425,8.96425
scroll-in,602.520,0.337,8.96423,8.96423
scroll-in,602.848,0.328,8.96422,8.96422
scroll-in,603.248,0.401,8.96420,8.96420
scroll-in,603.593,0.345,8.96418,8.96418
scroll-in,603.916,0.323,8.96416,8.96416
scroll-in,604.239,0.322,8.96415,8.96415
scroll-in,604.694,0.456,8.96412,8.96413
scroll-in,605.037,0.343,8.96411,8.96411
scroll-in,607.814,2.776,8.96397,8.96397
scroll-in,608.373,0.559,8.96395,8.96395
scroll-in,608.814,0.441,8.96393,8.96393
scroll-in,609.262,0.449,8.96390,8.96390
scroll-in,609.603,0.341,8.96389,8.96389
scroll-in,610.566,0.963,8.96384,8.96384
scroll-in,611.023,0.457,8.96382,8.96382
scroll-in,611.423,0.400,8.96380,8.96380
scroll-in,611.845,0.422,8.96379,8.96379
scroll-in,612.298,0.453,8.96377,8.96377
scroll-in,612.670,0.372,8.96375,8.96375
scroll-in,613.020,0.350,8.96373,8.96373
scroll-in,613.354,0.335,8.96372,8.96372
scroll-in,613.657,0.303,8.96370,8.96370
scroll-in,613.952,0.295,8.96369,8.96369
scroll-in,614.244,0.292,8.96368,8.96368
scroll-in,614.712,0.469,8.96366,8.96366
scroll-in,615.691,0.979,8.96361,8.96361
scroll-in,616.087,0.396,8.96360,8.96360
scroll-in,617.448,1.361,8.96354,8.96354
scroll-in,617.841,0.393,8.96352,8.96352
scroll-in,618.174,0.332,8.96351,8.96351
scroll-in,618.485,0.312,8.96349,8.96350
scroll-in,618.789,0.304,8.96348,8.96348
scroll-in,619.112,0.323,8.96347,8.96347
scroll-in,619.401,0.289,8.96346,8.96346
scroll-in,619.699,0.298,8.96344,8.96345
scroll-in,620.005,0.306,8.96343,8.96343
scroll-in,620.300,0.294,8.96342,8.96342
scroll-in,620.585,0.286,8.96341,8.96341
scroll-in,620.884,0.299,8.96340,8.96340
scroll-in,621.174,0.290,8.96338,8.96338
scroll-in,621.476,0.302,8.96337,8.96337
scroll-in,621.901,0.425,8.96336,8.96336
scroll-in,622.374,0.473,8.96334,8.96334
scroll-in,623.378,1.004,8.96330,8.96330
scroll-in,623.775,0.397,8.96328,8.96328
scroll-in,624.096,0.321,8.96327,8.96327
scroll-in,625.885,1.789,8.96320,8.96320
scroll-in,626.463,0.578,8.96318,8.96318
scroll-in,627.575,1.113,8.96313,8.96313
scroll-in,627.997,0.421,8.96312,8.96312
scroll-in,628.366,0.370,8.96310,8.96310
scroll-in,628.812,0.446,8.96309,8.96309
scroll-in,629.214,0.402,8.96307,8.96307
scroll-in,629.560,0.346,8.96306,8.96306
scroll-in,630.078,0.518,8.96304,8.96304
scroll-in,630.399,0.322,8.96303,8.96303
scroll-in,630.852,0.453,8.96301,8.96301
scroll-in,631.216,0.364,8.96300,8.96300
scroll-in,631.536,0.320,8.96299,8.96299
scroll-in,633.212,1.676,8.96293,8.96293
scroll-in,633.599,0.387,8.96291,8.96292
scroll-in,633.918,0.319,8.96290,8.96290
scroll-in,634.245,0.327,8.96289,8.96289
scroll-in,634.569,0.325,8.96288,8.96288
scroll-in,634.869,0.300,8.96287,8.96287
scroll-in,635.170,0.301,8.96286,8.96286
scroll-in,635.534,0.364,8.96285,8.96285
scroll-in,635.897,0.363,8.96284,8.96284
scroll-in,636.196,0.299,8.96283,8.96283
scroll-in,636.488,0.292,8.96282,8.96282
scroll-in,636.783,0.295,8.96281,8.96281
scroll-in,637.079,0.296,8.96280,8.96280
scroll-in,637.370,0.291,8.96279,8.96279
scroll-in,637.654,0.284,8.96278,8.96278
scroll-in,637.948,0.294,8.96277,8.96277
scroll-in,638.237,0.289,8.96276,8.96276
scroll-in,638.533,0.295,8.96275,8.96275
scroll-in,638.830,0.297,8.96274,8.96274
scroll-in,639.910,1.081,8.96270,8.96270
scroll-in,640.293,0.383,8.96269,8.96269
scroll-in,640.680,0.387,8.96268,8.96268
scroll-in,641.096,0.416,8.96266,8.96266
scroll-in,641.534,0.438,8.96265,8.96265
scroll-in,641.950,0.417,8.96264,8.96264
scroll-in,642.329,0.379,8.96262,8.96263
scroll-in,642.642,0.313,8.96262,8.96262
scroll-in,644.685,2.043,8.96255,8.96255
scroll-in,645.080,0.395,8.96254,8.96254
scroll-in,645.447,0.367,8.96253,8.96253
scroll-in,645.883,0.436,8.96251,8.96252
scroll-in,646.285,0.402,8.96250,8.96250
scroll-in,646.614,0.328,8.96249,8.96249
scroll-in,647.691,1.077,8.96246,8.96246
scroll-in,648.034,0.343,8.96245,8.96245
scroll-in,650.222,2.188,8.96239,8.96239
scroll-in,651.006,0.784,8.96237,8.96237
scroll-in,651.354,0.348,8.96236,8.96236
scroll-in,651.705,0.351,8.96235,8.96235
scroll-in,652.094,0.389,8.96233,8.96234
scroll-in,652.502,0.408,8.96232,8.96232
scroll-in,652.826,0.324,8.96231,8.96231
scroll-in,653.203,0.377,8.96230,8.96230
scroll-in,653.585,0.383,8.96229,8.96229
scroll-in,653.903,0.317,8.96229,8.96229
scroll-in,654.206,0.303,8.96228,8.96228
scroll-in,654.497,0.291,8.96227,8.96227
scroll-in,654.782,0.285,8.96226,8.96226
scroll-in,655.083,0.302,8.96225,8.96225
scroll-in,655.413,0.329,8.96224,8.96224
scroll-in,655.868,0.455,8.96223,8.96223
scroll-in,656.677,0.809,8.96221,8.96221
scroll-in,657.000,0.323,8.96220,8.96220
scroll-in,657.334,0.334,8.96219,8.96219
scroll-in,657.635,0.302,8.96218,8.96219
scroll-in,657.935,0.299,8.96218,8.96218
scroll-in,658.368,0.433,8.96217,8.96217
scroll-in,658.740,0.372,8.96216,8.96216
scroll-in,659.175,0.435,8.96214,8.96215
scroll-in,659.574,0.399,8.96213,8.96213
scroll-in,659.906,0.332,8.96213,8.96213
scroll-in,660.389,0.483,8.96211,8.96211
scroll-in,660.695,0.305,8.96211,8.96211
scroll-in,660.983,0.289,8.96210,8.96210
scroll-in,661.305,0.322,8.96209,8.96209
scroll-in,661.609,0.304,8.96208,8.96208
scroll-in,661.960,0.351,8.96207,8.96207
scroll-in,662.289,0.329,8.96207,8.96207
scroll-in,664.311,2.022,8.96202,8.96202
scroll-in,664.890,0.578,8.96200,8.96200
scroll-in,665.277,0.387,8.96199,8.96199
scroll-in,666.061,0.785,8.96197,8.96197
scroll-in,666.466,0.404,8.96196,8.96197
scroll-in,668.374,1.909,8.96192,8.96192
scroll-in,668.774,0.400,8.96191,8.96191
scroll-in,669.107,0.333,8.96190,8.96190
scroll-in,669.423,0.316,8.96190,8.96190
scroll-in,669.726,0.303,8.96189,8.96189
scroll-in,670.028,0.302,8.96188,8.96188
scroll-in,670.325,0.297,8.96188,8.96188
scroll-in,670.615,0.290,8.96187,8.96187
scroll-in,670.914,0.299,8.96186,8.96186
scroll-in,671.232,0.318,8.96185,8.96186
scroll-in,671.526,0.294,8.96185,8.96185
scroll-in,671.819,0.293,8.96184,8.96184
scroll-in,672.127,0.307,8.96183,8.96184
scroll-in,672.424,0.297,8.96183,8.96183
scroll-in,673.461,1.037,8.96181,8.96181
scroll-in,673.805,0.344,8.96180,8.96180
scroll-in,674.134,0.329,8.96179,8.96179
scroll-in,674.440,0.307,8.96179,8.96179
scroll-in,674.949,0.509,8.96177,8.96178
scroll-in,675.321,0.372,8.96177,8.96177
scroll-in,675.649,0.328,8.96176,8.96176
scroll-in,676.353,0.703,8.96174,8.96175
scroll-in,676.830,0.477,8.96173,8.96174
scroll-in,677.330,0.501,8.96172,8.96173
scroll-in,677.802,0.472,8.96172,8.96172
scroll-in,678.191,0.389,8.96171,8.96171
scroll-in,678.586,0.394,8.96170,8.96170
scroll-in,678.956,0.370,8.96169,8.96169
scroll-in,679.280,0.324,8.96169,8.96169
scroll-in,679.603,0.324,8.96168,8.96168
scroll-in,679.913,0.310,8.96167,8.96167
scroll-in,680.210,0.297,8.96167,8.96167
scroll-in,680.687,0.477,8.96166,8.96166
scroll-in,681.072,0.385,8.96165,8.96165
scroll-in,681.457,0.386,8.96164,8.96164
scroll-in,683.197,1.740,8.96161,8.96161
scroll-in,684.040,0.843,8.96159,8.96159
scroll-in,684.494,0.454,8.96158,8.96158
scroll-in,684.872,0.378,8.96158,8.96158
scroll-in,685.213,0.340,8.96157,8.96157
scroll-in,685.537,0.325,8.96156,8.96156
scroll-in,685.981,0.443,8.96155,8.96156
scroll-in,686.349,0.368,8.96155,8.96155
scroll-in,686.685,0.336,8.96154,8.96154
scroll-in,686.989,0.304,8.96154,8.96154
scroll-in,687.292,0.303,8.96153,8.96153
scroll-in,687.588,0.296,8.96152,8.96153
scroll-in,687.890,0.302,8.96152,8.96152
scroll-in,688.266,0.376,8.96151,8.96151
scroll-in,688.640,0.373,8.96151,8.96151
scroll-in,690.621,1.982,8.96147,8.96147
scroll-in,691.088,0.467,8.96146,8.96146
scroll-in,691.433,0.345,8.96146,8.96146
scroll-in,691.746,0.313,8.96145,8.96145
scroll-in,692.048,0.302,8.96144,8.96145
scroll-in,692.428,0.380,8.96144,8.96144
scroll-in,692.795,0.368,8.96143,8.96143
scroll-in,693.178,0.383,8.96142,8.96143
scroll-in,693.506,0.328,8.96142,8.96142
scroll-in,693.812,0.306,8.96142,8.96142
scroll-in,694.170,0.358,8.96141,8.96141
scroll-in,694.551,0.381,8.96140,8.96140
scroll-in,694.967,0.417,8.96140,8.96140
scroll-in,695.313,0.346,8.96139,8.96139
scroll-in,695.851,0.538,8.96138,8.96138
scroll-in,696.288,0.437,8.96137,8.96137
scroll-in,696.613,0.325,8.96137,8.96137
scroll-in,696.941,0.328,8.96136,8.96136
scroll-in,697.254,0.313,8.96136,8.96136
scroll-in,697.565,0.311,8.96135,8.96135
scroll-in,699.214,1.649,8.96133,8.96133
scroll-in,699.569,0.355,8.96132,8.96132
scroll-in,700.305,0.736,8.96131,8.96131
scroll-in,700.637,0.332,8.96130,8.96130
scroll-in,700.961,0.324,8.96130,8.96130
scroll-in,701.275,0.314,8.96129,8.96129
scroll-in,701.763,0.489,8.96129,8.96129
scroll-in,702.112,0.349,8.96128,8.96128
scroll-in,702.424,0.312,8.96128,8.96128
scroll-in,704.590,2.165,8.96124,8.96124
scroll-in,704.902,0.312,8.96124,8.96124
scroll-in,705.226,0.324,8.96123,8.96123
scroll-in,705.532,0.306,8.96123,8.96123
scroll-in,705.839,0.307,8.96122,8.96123
scroll-in,706.229,0.391,8.96122,8.96122
scroll-in,707.912,1.683,8.96119,8.96120
scroll-in,708.480,0.568,8.96119,8.96119
scroll-in,708.887,0.407,8.96118,8.96118
scroll-in,709.216,0.329,8.96118,8.96118
scroll-in,709.637,0.421,8.96117,8.96117
scroll-in,709.953,0.316,8.96117,8.96117
scroll-in,710.258,0.306,8.96116,8.96116
scroll-in,710.555,0.297,8.96116,8.96116
scroll-in,710.843,0.288,8.96115,8.96115
scroll-in,711.128,0.285,8.96115,8.96115
scroll-in,711.564,0.436,8.96114,8.96114
scroll-in,711.909,0.345,8.96114,8.96114
scroll-in,712.283,0.374,8.96113,8.96113
scroll-in,712.764,0.481,8.96113,8.96113
scroll-in,713.162,0.397,8.96112,8.96112
scroll-in,713.505,0.343,8.96112,8.96112
scroll-in,713.826,0.321,8.96111,8.96111
scroll-in,714.136,0.310,8.96111,8.96111
scroll-in,714.447,0.311,8.96110,8.96111
scroll-in,716.004,1.557,8.96108,8.96108
scroll-in,716.365,0.360,8.96108,8.96108
scroll-in,716.850,0.485,8.96107,8.96107
scroll-in,717.162,0.312,8.96107,8.96107
scroll-in,717.460,0.299,8.96107,8.96107
scroll-in,717.760,0.299,8.96106,8.96106
scroll-in,718.051,0.292,8.96106,8.96106
scroll-in,718.379,0.328,8.96105,8.96105
scroll-in,718.684,0.305,8.96105,8.96105
scroll-in,719.031,0.347,8.96105,8.96105
scroll-in,719.679,0.649,8.96104,8.96104
scroll-in,720.487,0.808,8.96103,8.96103
scroll-in,724.336,3.849,8.96098,8.96098
scroll-in,724.742,0.407,8.96098,8.96098
scroll-in,725.674,0.932,8.96097,8.96097
scroll-in,726.639,0.965,8.96095,8.96095
scroll-in,727.157,0.518,8.96095,8.96095
scroll-in,727.516,0.359,8.96094,8.96094
scroll-in,727.849,0.333,8.96094,8.96094
scroll-in,728.223,0.374,8.96094,8.96094
scroll-in,728.583,0.360,8.96093,8.96093
scroll-in,728.911,0.328,8.96093,8.96093
scroll-in,729.286,0.375,8.96092,8.96092
scroll-in,729.679,0.393,8.96092,8.96092
scroll-in,730.000,0.321,8.96092,8.96092
scroll-in,730.331,0.331,8.96091,8.96091
scroll-in,730.669,0.338,8.96091,8.96091
scroll-in,733.217,2.548,8.96000,8.96000
scroll-in,733.816,0.598,8.96000,8.96000
scroll-in,734.217,0.402,8.96000,8.96000
scroll-in,734.562,0.345,8.96000,8.96000
scroll-in,735.026,0.464,8.96000,8.96000
scroll-in,735.416,0.390,8.96000,8.96000
scroll-in,735.828,0.412,8.96000,8.96000
scroll-in,736.212,0.384,8.96000,8.96000
scroll-in,736.575,0.363,8.96000,8.96000
scroll-in,736.929,0.354,8.96000,8.96000
scroll-in,737.286,0.357,8.96000,8.96000
scroll-in,737.623,0.337,8.96000,8.96000
scroll-in,738.005,0.382,8.96000,8.96000
scroll-in,738.337,0.332,8.96000,8.96000
scroll-in,738.696,0.360,8.96000,8.96000
scroll-in,739.033,0.337,8.96000,8.96000
scroll-in,739.380,0.347,8.96000,8.96000
scroll-in,740.170,0.789,8.96000,8.96000
scroll-in,740.568,0.398,8.96000,8.96000
scroll-in,740.932,0.364,8.96000,8.96000
scroll-in,741.299,0.367,8.96000,8.96000
scroll-in,741.603,0.305,8.96000,8.96000
scroll-in,741.897,0.293,8.96000,8.96000
scroll-in,742.217,0.320,8.96000,8.96000
scroll-in,742.512,0.295,8.96000,8.96000
scroll-in,744.570,2.058,8.96000,8.96000
scroll-in,745.184,0.614,8.96000,8.96000
scroll-in,746.382,1.198,8.96000,8.96000
scroll-in,746.816,0.434,8.96000,8.96000
scroll-in,747.212,0.396,8.96000,8.96000
scroll-in,750.104,2.893,8.96000,8.96000
scroll-in,751.118,1.013,8.96000,8.96000
scroll-in,751.617,0.499,8.96000,8.96000
scroll-in,752.060,0.443,8.96000,8.96000
scroll-in,752.423,0.363,8.96000,8.96000
scroll-in,752.782,0.360,8.96000,8.96000
scroll-in,753.192,0.410,8.96000,8.96000
scroll-in,753.539,0.347,8.96000,8.96000
scroll-in,753.891,0.352,8.96000,8.96000
scroll-in,754.280,0.389,8.96000,8.96000
scroll-in,754.741,0.460,8.96000,8.96000
scroll-in,755.210,0.470,8.96000,8.96000
scroll-in,755.571,0.361,8.96000,8.96000
scroll-in,755.983,0.411,8.96000,8.96000
scroll-in,757.389,1.406,8.96000,8.96000
scroll-in,757.975,0.586,8.96000,8.96000
scroll-in,758.587,0.613,8.96000,8.96000
scroll-in,759.357,0.770,8.96000,8.96000
scroll-in,759.749,0.392,8.96000,8.96000
scroll-in,760.122,0.373,8.96000,8.96000
scroll-in,760.486,0.364,8.96000,8.96000
scroll-in,760.929,0.443,8.96000,8.96000
scroll-in,761.238,0.309,8.96000,8.96000
scroll-in,761.542,0.303,8.96000,8.96000
scroll-in,761.838,0.296,8.96000,8.96000
scroll-in,763.780,1.943,8.96000,8.96000
scroll-in,764.265,0.484,8.96000,8.96000
scroll-in,764.690,0.425,8.96000,8.96000
scroll-in,766.920,2.230,8.96000,8.96000
scroll-in,767.446,0.526,8.96000,8.96000
scroll-in,768.125,0.679,8.96000,8.96000
scroll-in,768.509,0.384,8.96000,8.96000
scroll-in,768.832,0.323,8.96000,8.96000
scroll-in,769.543,0.711,8.96000,8.96000
scroll-in,770.310,0.766,8.96000,8.96000
scroll-in,770.908,0.599,8.96000,8.96000
scroll-in,771.306,0.398,8.96000,8.96000
scroll-in,771.665,0.359,8.96000,8.96000
scroll-in,771.993,0.328,8.96000,8.96000
scroll-in,772.310,0.317,8.96000,8.96000
scroll-in,772.626,0.317,8.96000,8.96000
scroll-in,773.547,0.921,8.96000,8.96000
scroll-in,773.950,0.403,8.96000,8.96000
scroll-in,774.284,0.334,8.96000,8.96000
scroll-in,774.639,0.355,8.96000,8.96000
scroll-in,774.950,0.311,8.96000,8.96000
scroll-in,775.591,0.640,8.96000,8.96000
scroll-in,776.135,0.544,8.96000,8.96000
scroll-in,776.722,0.588,8.96000,8.96000
scroll-in,777.044,0.321,8.96000,8.96000
scroll-in,777.346,0.302,8.96000,8.96000
scroll-in,777.668,0.322,8.96000,8.96000
scroll-in,778.031,0.364,8.96000,8.96000
scroll-in,778.355,0.324,8.96000,8.96000
scroll-in,778.695,0.340,8.96000,8.96000
scroll-in,779.056,0.361,8.96000,8.96000
scroll-in,779.458,0.402,8.96000,8.96000
scroll-in,779.807,0.349,8.96000,8.96000
scroll-in,780.132,0.325,8.96000,8.96000
scroll-in,780.453,0.322,8.96000,8.96000
scroll-in,780.785,0.331,8.96000,8.96000
scroll-in,782.547,1.763,8.96000,8.96000
scroll-in,782.930,0.383,8.96000,8.96000
scroll-in,783.347,0.417,8.96000,8.96000
scroll-in,784.264,0.917,8.96000,8.96000
scroll-in,784.729,0.466,8.96000,8.96000
scroll-in,785.140,0.410,8.96000,8.96000
scroll-in,785.470,0.330,8.96000,8.96000
scroll-in,785.819,0.349,8.96000,8.96000
scroll-in,786.137,0.318,8.96000,8.96000
scroll-in,786.447,0.310,8.96000,8.96000
scroll-in,786.839,0.392,8.96000,8.96000
scroll-in,787.160,0.321,8.96000,8.96000
scroll-in,787.461,0.301,8.96000,8.96000
scroll-in,787.759,0.298,8.96000,8.96000
scroll-in,788.066,0.306,8.96000,8.96000
scroll-in,788.359,0.294,8.96000,8.96000
scroll-in,788.645,0.286,8.96000,8.96000
scroll-in,788.937,0.292,8.96000,8.96000
scroll-in,789.243,0.306,8.96000,8.96000
scroll-in,790.386,1.143,8.96000,8.96000
scroll-in,790.756,0.371,8.96000,8.96000
scroll-in,791.139,0.382,8.96000,8.96000
scroll-in,791.539,0.400,8.96000,8.96000
scroll-in,791.951,0.413,8.96000,8.96000
scroll-in,792.798,0.847,8.96000,8.96000
scroll-in,793.302,0.504,8.96000,8.96000
scroll-in,793.736,0.434,8.96000,8.96000
scroll-in,794.059,0.323,8.96000,8.96000
scroll-in,794.385,0.326,8.96000,8.96000
scroll-in,794.713,0.328,8.96000,8.96000
scroll-in,795.112,0.399,8.96000,8.96000
scroll-in,795.462,0.350,8.96000,8.96000
scroll-in,795.781,0.319,8.96000,8.96000
scroll-in,796.091,0.310,8.96000,8.96000
scroll-in,796.419,0.328,8.96000,8.96000
scroll-in,796.750,0.331,8.96000,8.96000
scroll-in,797.132,0.382,8.96000,8.96000
scroll-in,797.591,0.459,8.96000,8.96000
scroll-in,797.952,0.362,8.96000,8.96000
scroll-in,800.142,2.190,8.96000,8.96000
scroll-in,800.970,0.828,8.96000,8.96000
scroll-in,801.315,0.345,8.96000,8.96000
scroll-in,801.632,0.317,8.96000,8.96000
scroll-in,802.079,0.447,8.96000,8.96000
scroll-in,802.399,0.320,8.96000,8.96000
scroll-in,802.699,0.300,8.96000,8.96000
scroll-in,802.983,0.284,8.96000,8.96000
scroll-in,804.936,1.953,8.96000,8.96000
scroll-in,805.415,0.479,8.96000,8.96000
scroll-in,805.771,0.356,8.96000,8.96000
scroll-in,806.101,0.330,8.96000,8.96000
scroll-in,807.639,1.539,8.96000,8.96000
scroll-in,808.431,0.792,8.96000,8.96000
scroll-in,808.808,0.376,8.96000,8.96000
scroll-in,809.149,0.342,8.96000,8.96000
scroll-in,809.457,0.308,8.96000,8.96000
scroll-in,809.795,0.338,8.96000,8.96000
scroll-in,810.140,0.345,8.96000,8.96000
scroll-in,810.470,0.330,8.96000,8.96000
scroll-in,810.810,0.339,8.96000,8.96000
scroll-in,811.146,0.336,8.96000,8.96000
scroll-in,811.531,0.386,8.96000,8.96000
scroll-in,811.860,0.329,8.96000,8.96000
scroll-in,812.165,0.306,8.96000,8.96000
scroll-in,812.469,0.304,8.96000,8.96000
scroll-in,812.766,0.297,8.96000,8.96000
scroll-in,813.349,0.583,8.96000,8.96000
scroll-in,813.658,0.308,8.96000,8.96000
scroll-in,813.962,0.304,8.96000,8.96000
scroll-in,814.271,0.309,8.96000,8.96000
scroll-in,815.788,1.517,8.96000,8.96000
scroll-in,816.242,0.454,8.96000,8.96000
scroll-in,816.767,0.525,8.96000,8.96000
scroll-in,817.118,0.351,8.96000,8.96000
scroll-in,817.522,0.404,8.96000,8.96000
scroll-in,817.857,0.336,8.96000,8.96000
scroll-in,818.215,0.357,8.96000,8.96000
scroll-in,818.580,0.365,8.96000,8.96000
scroll-in,818.923,0.343,8.96000,8.96000
scroll-in,819.229,0.307,8.96000,8.96000
scroll-in,819.530,0.301,8.96000,8.96000
scroll-in,819.824,0.294,8.96000,8.96000
scroll-in,820.123,0.299,8.96000,8.96000
scroll-in,820.425,0.302,8.96000,8.96000
scroll-in,820.715,0.290,8.96000,8.96000
scroll-in,820.997,0.283,8.96000,8.96000
scroll-in,821.277,0.279,8.96000,8.96000
scroll-in,821.573,0.296,8.96000,8.96000
scroll-in,821.862,0.289,8.96000,8.96000
scroll-in,822.145,0.283,8.96000,8.96000
scroll-in,824.674,2.530,8.96000,8.96000
scroll-in,825.365,0.690,8.96000,8.96000
scroll-in,825.815,0.450,8.96000,8.96000
scroll-in,826.342,0.527,8.96000,8.96000
scroll-in,827.887,1.545,8.96000,8.96000
scroll-in,828.471,0.583,8.96000,8.96000
scroll-in,829.182,0.712,8.96000,8.96000
scroll-in,829.538,0.356,8.96000,8.96000
scroll-in,829.868,0.330,8.96000,8.96000
scroll-in,830.190,0.322,8.96000,8.96000
scroll-in,830.537,0.347,8.96000,8.96000
scroll-in,830.837,0.299,8.96000,8.96000
scroll-in,831.156,0.319,8.96000,8.96000
scroll-in,832.861,1.706,8.96000,8.96000
scroll-in,833.210,0.349,8.96000,8.96000
scroll-in,833.556,0.346,8.96000,8.96000
scroll-in,833.973,0.417,8.96000,8.96000
scroll-in,834.328,0.355,8.96000,8.96000
scroll-in,834.655,0.328,8.96000,8.96000
scroll-in,835.038,0.383,8.96000,8.96000
scroll-in,835.486,0.448,8.96000,8.96000
scroll-in,835.946,0.461,8.96000,8.96000
scroll-in,836.287,0.340,8.96000,8.96000
scroll-in,836.607,0.321,8.96000,8.96000
scroll-in,836.929,0.322,8.96000,8.96000
scroll-in,837.242,0.313,8.96000,8.96000
scroll-in,837.570,0.328,8.96000,8.96000
scroll-in,837.984,0.413,8.96000,8.96000
scroll-in,838.417,0.433,8.96000,8.96000
scroll-in,838.808,0.391,8.96000,8.96000
scroll-in,839.370,0.562,8.96000,8.96000
scroll-in,839.717,0.348,8.96000,8.96000
scroll-in,841.153,1.435,8.96000,8.96000
scroll-in,841.567,0.414,8.96000,8.96000
scroll-in,841.914,0.347,8.96000,8.96000
scroll-in,842.243,0.329,8.96000,8.96000
scroll-in,842.572,0.329,8.96000,8.96000
scroll-in,842.873,0.301,8.96000,8.96000
scroll-in,849.935,7.062,8.96000,8.96000
scroll-in,850.935,1.000,8.96000,8.96000
scroll-in,851.454,0.519,8.96000,8.96000
scroll-in,851.843,0.389,8.96000,8.96000
scroll-in,852.164,0.322,8.96000,8.96000
scroll-in,852.570,0.406,8.96000,8.96000
scroll-in,852.917,0.347,8.96000,8.96000
scroll-in,853.301,0.384,8.96000,8.96000
scroll-in,853.634,0.333,8.96000,8.96000
scroll-in,853.983,0.349,8.96000,8.96000
scroll-in,854.323,0.341,8.96000,8.96000
scroll-in,854.655,0.332,8.96000,8.96000
scroll-in,854.954,0.300,8.96000,8.96000
scroll-in,855.251,0.297,8.96000,8.96000
scroll-in,855.565,0.313,8.96000,8.96000
scroll-in,855.921,0.357,8.96000,8.96000
scroll-in,856.819,0.898,8.96000,8.96000
scroll-in,857.172,0.352,8.96000,8.96000
scroll-in,857.492,0.320,8.96000,8.96000
scroll-in,857.992,0.500,8.96000,8.96000
scroll-in,858.346,0.354,8.96000,8.96000
scroll-in,858.684,0.338,8.96000,8.96000
scroll-in,859.468,0.784,8.96000,8.96000
scroll-in,859.791,0.323,8.96000,8.96000
scroll-in,860.212,0.421,8.96000,8.96000
scroll-in,860.572,0.360,8.96000,8.96000
scroll-in,860.917,0.345,8.96000,8.96000
scroll-in,861.221,0.304,8.96000,8.96000
scroll-in,861.525,0.304,8.96000,8.96000
scroll-in,861.812,0.287,8.96000,8.96000
scroll-in,862.102,0.290,8.96000,8.96000
scroll-in,862.388,0.287,8.96000,8.96000
scroll-in,864.633,2.245,8.96000,8.96000
scroll-in,865.118,0.485,8.96000,8.96000
scroll-in,865.753,0.635,8.96000,8.96000
scroll-in,867.638,1.885,8.96000,8.96000
scroll-in,868.017,0.379,8.96000,8.96000
scroll-in,868.449,0.432,8.96000,8.96000
scroll-in,868.760,0.311,8.96000,8.96000
scroll-in,869.054,0.294,8.96000,8.96000
scroll-in,869.352,0.298,8.96000,8.96000
scroll-in,869.643,0.291,8.96000,8.96000
scroll-in,870.046,0.403,8.96000,8.96000
scroll-in,870.390,0.344,8.96000,8.96000
scroll-in,870.703,0.313,8.96000,8.96000
scroll-in,871.021,0.318,8.96000,8.96000
scroll-in,871.328,0.307,8.96000,8.96000
scroll-in,871.743,0.414,8.96000,8.96000
scroll-in,872.201,0.458,8.96000,8.96000
scroll-in,872.964,0.763,8.96000,8.96000
scroll-in,873.654,0.690,8.96000,8.96000
scroll-in,874.073,0.419,8.96000,8.96000
scroll-in,874.468,0.395,8.96000,8.96000
scroll-in,875.117,0.649,8.96000,8.96000
scroll-in,875.479,0.362,8.96000,8.96000
scroll-in,875.900,0.421,8.96000,8.96000
scroll-in,876.274,0.375,8.96000,8.96000
scroll-in,876.627,0.352,8.96000,8.96000
scroll-in,876.993,0.366,8.96000,8.96000
scroll-in,877.409,0.416,8.96000,8.96000
scroll-in,877.884,0.476,8.96000,8.96000
scroll-in,878.209,0.324,8.96000,8.96000
scroll-in,878.532,0.323,8.96000,8.96000
scroll-in,878.880,0.349,8.96000,8.96000
scroll-in,879.187,0.306,8.96000,8.96000
scroll-in,879.518,0.332,8.96000,8.96000
scroll-in,879.833,0.315,8.96000,8.96000
scroll-in,880.129,0.296,8.96000,8.96000
scroll-in,880.412,0.283,8.96000,8.96000
scroll-in,880.723,0.312,8.96000,8.96000
scroll-in,881.023,0.300,8.96000,8.96000
scroll-in,882.378,1.355,8.96000,8.96000
scroll-in,882.696,0.318,8.96000,8.96000
scroll-in,883.282,0.585,8.96000,8.96000
scroll-in,884.745,1.463,8.96000,8.96000
scroll-in,885.217,0.472,8.96000,8.96000
scroll-in,885.574,0.357,8.96000,8.96000
scroll-in,885.899,0.325,8.96000,8.96000
scroll-in,886.436,0.537,8.96000,8.96000
scroll-in,886.829,0.394,8.96000,8.96000
scroll-in,887.176,0.346,8.96000,8.96000
scroll-in,887.512,0.336,8.96000,8.96000
scroll-in,887.905,0.393,8.96000,8.96000
scroll-in,888.280,0.375,8.96000,8.96000
scroll-in,888.641,0.361,8.96000,8.96000
scroll-in,889.000,0.360,8.96000,8.96000
scroll-in,889.311,0.311,8.96000,8.96000
scroll-in,890.725,1.414,8.96000,8.96000
scroll-in,891.083,0.358,8.96000,8.96000
scroll-in,891.525,0.442,8.96000,8.96000
scroll-in,891.869,0.344,8.96000,8.96000
scroll-in,892.238,0.369,8.96000,8.96000
scroll-in,893.891,1.653,8.96000,8.96000
scroll-in,894.247,0.356,8.96000,8.96000
scroll-in,894.550,0.302,8.96000,8.96000
scroll-in,894.857,0.308,8.96000,8.96000
scroll-in,895.156,0.299,8.96000,8.96000
scroll-in,895.487,0.331,8.96000,8.96000
scroll-in,895.780,0.293,8.96000,8.96000
scroll-in,896.162,0.382,8.96000,8.96000
scroll-in,896.504,0.343,8.96000,8.96000
scroll-in,896.833,0.329,8.96000,8.96000
scroll-in,897.218,0.385,8.96000,8.96000
scroll-in,897.568,0.350,8.96000,8.96000
scroll-in,899.183,1.615,8.96000,8.96000
scroll-in,899.598,0.415,8.96000,8.96000
scroll-in,900.381,0.783,8.96000,8.96000
scroll-in,900.741,0.360,8.96000,8.96000
scroll-in,901.068,0.327,8.96000,8.96000
scroll-in,901.460,0.393,8.96000,8.96000
scroll-in,901.808,0.347,8.96000,8.96000
scroll-in,902.133,0.325,8.96000,8.96000
scroll-in,902.450,0.317,8.96000,8.96000
scroll-in,902.752,0.302,8.96000,8.96000
scroll-in,903.051,0.299,8.96000,8.96000
scroll-in,903.339,0.288,8.96000,8.96000
scroll-in,905.528,2.189,8.96000,8.96000
scroll-in,905.955,0.427,8.96000,8.96000
scroll-in,906.368,0.413,8.96000,8.96000
scroll-in,906.717,0.349,8.96000,8.96000
scroll-in,908.236,1.519,8.96000,8.96000
scroll-in,908.751,0.515,8.96000,8.96000
scroll-in,909.480,0.729,8.96000,8.96000
scroll-in,909.859,0.379,8.96000,8.96000
scroll-in,910.183,0.324,8.96000,8.96000
scroll-in,910.497,0.314,8.96000,8.96000
scroll-in,910.820,0.322,8.96000,8.96000
scroll-in,911.154,0.334,8.96000,8.96000
scroll-in,911.453,0.300,8.96000,8.96000
scroll-in,911.762,0.309,8.96000,8.96000
scroll-in,912.063,0.301,8.96000,8.96000
scroll-in,912.406,0.343,8.96000,8.96000
scroll-in,912.704,0.298,8.96000,8.96000
scroll-in,913.020,0.315,8.96000,8.96000
scroll-in,913.681,0.661,8.96000,8.96000
scroll-in,914.237,0.556,8.96000,8.96000
scroll-in,915.665,1.429,8.96000,8.96000
scroll-in,916.033,0.368,8.96000,8.96000
scroll-in,916.698,0.665,8.96000,8.96000
scroll-in,917.054,0.356,8.96000,8.96000
scroll-in,917.383,0.329,8.96000,8.96000
scroll-in,917.747,0.364,8.96000,8.96000
scroll-in,918.103,0.356,8.96000,8.96000
scroll-in,918.472,0.368,8.96000,8.96000
scroll-in,918.841,0.369,8.96000,8.96000
scroll-in,919.204,0.364,8.96000,8.96000
scroll-in,919.531,0.327,8.96000,8.96000
scroll-in,919.854,0.323,8.96000,8.96000
scroll-in,920.150,0.296,8.96000,8.96000
scroll-in,920.444,0.293,8.96000,8.96000
scroll-in,920.852,0.408,8.96000,8.96000
scroll-in,921.165,0.313,8.96000,8.96000
scroll-in,921.466,0.301,8.96000,8.96000
scroll-in,921.758,0.292,8.96000,8.96000
scroll-in,922.087,0.329,8.96000,8.96000
scroll-in,922.405,0.319,8.96000,8.96000
scroll-in,922.713,0.308,8.96000,8.96000
scroll-in,923.317,0.604,8.96000,8.96000
scroll-in,925.461,2.144,8.96000,8.96000
scroll-in,926.163,0.702,8.96000,8.96000
scroll-in,926.924,0.762,8.96000,8.96000
scroll-in,927.776,0.851,8.96000,8.96000
scroll-in,928.150,0.374,8.96000,8.96000
scroll-in,928.548,0.397,8.96000,8.96000
scroll-in,928.901,0.353,8.96000,8.96000
scroll-in,929.239,0.338,8.96000,8.96000
scroll-in,929.569,0.330,8.96000,8.96000
scroll-in,929.901,0.332,8.96000,8.96000
scroll-in,930.209,0.308,8.96000,8.96000
scroll-in,930.618,0.409,8.96000,8.96000
scroll-in,930.961,0.343,8.96000,8.96000
scroll-in,931.301,0.340,8.96000,8.96000
scroll-in,933.395,2.094,8.96000,8.96000
scroll-in,933.894,0.499,8.96000,8.96000
scroll-in,934.254,0.360,8.96000,8.96000
scroll-in,934.580,0.326,8.96000,8.96000
scroll-in,934.885,0.305,8.96000,8.96000
scroll-in,935.289,0.404,8.96000,8.96000
scroll-in,935.730,0.441,8.96000,8.96000
scroll-in,936.071,0.341,8.96000,8.96000
scroll-in,936.388,0.317,8.96000,8.96000
scroll-in,936.730,0.342,8.96000,8.96000
scroll-in,937.023,0.293,8.96000,8.96000
scroll-in,937.314,0.290,8.96000,8.96000
scroll-in,937.601,0.288,8.96000,8.96000
scroll-in,937.938,0.337,8.96000,8.96000
scroll-in,938.273,0.335,8.96000,8.96000
scroll-in,938.674,0.401,8.96000,8.96000
scroll-in,938.999,0.325,8.96000,8.96000
scroll-in,939.314,0.315,8.96000,8.96000
scroll-in,940.112,0.798,8.96000,8.96000
scroll-in,940.411,0.299,8.96000,8.96000
scroll-in,940.703,0.292,8.96000,8.96000
scroll-in,941.002,0.299,8.96000,8.96000
scroll-in,941.291,0.289,8.96000,8.96000
scroll-in,941.575,0.284,8.96000,8.96000
scroll-in,941.870,0.295,8.96000,8.96000
scroll-in,943.918,2.049,8.96000,8.96000
scroll-in,944.934,1.016,8.96000,8.96000
scroll-in,945.353,0.419,8.96000,8.96000
scroll-in,945.857,0.504,8.96000,8.96000
scroll-in,946.389,0.531,8.96000,8.96000
scroll-in,946.726,0.337,8.96000,8.96000
scroll-in,947.109,0.383,8.96000,8.96000
scroll-in,947.418,0.310,8.96000,8.96000
scroll-in,947.746,0.328,8.96000,8.96000
scroll-in,948.083,0.337,8.96000,8.96000
scroll-in,950.484,2.400,8.96000,8.96000
scroll-in,951.726,1.242,8.96000,8.96000
scroll-in,952.290,0.565,8.96000,8.96000
scroll-in,952.970,0.680,8.96000,8.96000
scroll-in,953.385,0.415,8.96000,8.96000
scroll-in,953.733,0.347,8.96000,8.96000
scroll-in,954.064,0.331,8.96000,8.96000
scroll-in,954.376,0.312,8.96000,8.96000
scroll-in,954.675,0.299,8.96000,8.96000
scroll-in,955.160,0.485,8.96000,8.96000
scroll-in,955.629,0.469,8.96000,8.96000
scroll-in,956.032,0.403,8.96000,8.96000
scroll-in,957.397,1.365,8.96000,8.96000
scroll-in,957.802,0.405,8.96000,8.96000
scroll-in,958.148,0.347,8.96000,8.96000
scroll-in,958.477,0.328,8.96000,8.96000
scroll-in,958.814,0.337,8.96000,8.96000
scroll-in,959.219,0.405,8.96000,8.96000
scroll-in,959.523,0.304,8.96000,8.96000
scroll-in,959.812,0.289,8.96000,8.96000
scroll-in,960.103,0.292,8.96000,8.96000
scroll-in,960.406,0.303,8.96000,8.96000
scroll-in,960.696,0.290,8.96000,8.96000
scroll-in,960.984,0.288,8.96000,8.96000
scroll-in,961.298,0.314,8.96000,8.96000
scroll-in,961.616,0.318,8.96000,8.96000
scroll-in,961.917,0.301,8.96000,8.96000
scroll-in,962.291,0.374,8.96000,8.96000
scroll-in,962.634,0.343,8.96000,8.96000
scroll-in,964.824,2.190,8.96000,8.96000
scroll-in,965.216,0.392,8.96000,8.96000
scroll-in,965.696,0.480,8.96000,8.96000
scroll-in,966.025,0.330,8.96000,8.96000
scroll-in,968.557,2.532,8.96000,8.96000
scroll-in,969.009,0.452,8.96000,8.96000
scroll-in,969.338,0.329,8.96000,8.96000
scroll-in,969.656,0.318,8.96000,8.96000
scroll-in,969.961,0.305,8.96000,8.96000
scroll-in,970.258,0.297,8.96000,8.96000
scroll-in,970.543,0.286,8.96000,8.96000
scroll-in,970.843,0.299,8.96000,8.96000
scroll-in,971.137,0.294,8.96000,8.96000
scroll-in,971.424,0.287,8.96000,8.96000
scroll-in,971.717,0.293,8.96000,8.96000
scroll-in,972.016,0.300,8.96000,8.96000
scroll-in,972.315,0.299,8.96000,8.96000
scroll-in,972.645,0.330,8.96000,8.96000
scroll-in,973.248,0.603,8.96000,8.96000
scroll-in,973.704,0.456,8.96000,8.96000
scroll-in,974.059,0.355,8.96000,8.96000
scroll-in,974.411,0.352,8.96000,8.96000
scroll-in,974.901,0.490,8.96000,8.96000
scroll-in,975.373,0.472,8.96000,8.96000
scroll-in,976.133,0.759,8.96000,8.96000
scroll-in,976.488,0.356,8.96000,8.96000
scroll-in,976.820,0.332,8.96000,8.96000
scroll-in,977.149,0.329,8.96000,8.96000
scroll-in,977.455,0.307,8.96000,8.96000
scroll-in,977.752,0.296,8.96000,8.96000
scroll-in,978.133,0.382,8.96000,8.96000
scroll-in,978.549,0.416,8.96000,8.96000
scroll-in,978.905,0.356,8.96000,8.96000
scroll-in,979.222,0.318,8.96000,8.96000
scroll-in,979.547,0.325,8.96000,8.96000
scroll-in,979.877,0.330,8.96000,8.96000
scroll-in,980.191,0.315,8.96000,8.96000
scroll-in,980.736,0.545,8.96000,8.96000
scroll-in,984.649,3.913,8.96000,8.96000
scroll-in,985.443,0.794,8.96000,8.96000
scroll-in,985.828,0.385,8.96000,8.96000
scroll-in,986.156,0.328,8.96000,8.96000
scroll-in,986.498,0.342,8.96000,8.96000
scroll-in,986.846,0.348,8.96000,8.96000
scroll-in,987.172,0.326,8.96000,8.96000
scroll-in,987.517,0.345,8.96000,8.96000
scroll-in,987.825,0.308,8.96000,8.96000
scroll-in,988.266,0.441,8.96000,8.96000
scroll-in,988.617,0.350,8.96000,8.96000
scroll-in,988.944,0.327,8.96000,8.96000
scroll-in,989.255,0.311,8.96000,8.96000
scroll-in,990.375,1.121,8.96000,8.96000
scroll-in,990.744,0.369,8.96000,8.96000
scroll-in,991.070,0.326,8.96000,8.96000
scroll-in,991.696,0.627,8.96000,8.96000
scroll-in,992.517,0.821,8.96000,8.96000
scroll-in,993.047,0.529,8.96000,8.96000
scroll-in,993.404,0.358,8.96000,8.96000
scroll-in,993.723,0.318,8.96000,8.96000
scroll-in,994.030,0.307,8.96000,8.96000
scroll-in,994.331,0.301,8.96000,8.96000
scroll-in,994.630,0.300,8.96000,8.96000
scroll-in,995.081,0.451,8.96000,8.96000
scroll-in,995.439,0.358,8.96000,8.96000
scroll-in,995.750,0.311,8.96000,8.96000
scroll-in,996.109,0.359,8.96000,8.96000
scroll-in,996.484,0.375,8.96000,8.96000
scroll-in,996.807,0.323,8.96000,8.96000
scroll-in,997.111,0.305,8.96000,8.96000
scroll-in,997.539,0.427,8.96000,8.96000
scroll-in,998.278,0.739,8.96000,8.96000
scroll-in,999.575,1.297,8.96000,8.96000
scroll-in,1000.340,0.765,8.96000,8.96000
scroll-in,1000.676,0.336,8.96000,8.96000
scroll-in,1000.988,0.312,8.96000,8.96000
scroll-in,1001.312,0.324,8.96000,8.96000
scroll-in,1001.605,0.294,8.96000,8.96000
scroll-in,1001.892,0.287,8.96000,8.96000
scroll-in,1002.171,0.279,8.96000,8.96000
scroll-in,1004.393,2.222,8.96000,8.96000
scroll-in,1005.219,0.826,8.96000,8.96000
scroll-in,1005.555,0.336,8.96000,8.96000
scroll-in,1007.401,1.846,8.96000,8.96000
scroll-in,1007.824,0.424,8.96000,8.96000
scroll-in,1008.233,0.409,8.96000,8.96000
scroll-in,1008.586,0.353,8.96000,8.96000
scroll-in,1008.944,0.358,8.96000,8.96000
scroll-in,1009.259,0.315,8.96000,8.96000
scroll-in,1009.613,0.354,8.96000,8.96000
scroll-in,1009.938,0.325,8.96000,8.96000
scroll-in,1010.264,0.326,8.96000,8.96000
scroll-in,1010.576,0.312,8.96000,8.96000
scroll-in,1010.937,0.361,8.96000,8.96000
scroll-in,1011.361,0.424,8.96000,8.96000
scroll-in,1011.718,0.357,8.96000,8.96000
scroll-in,1012.042,0.324,8.96000,8.96000
scroll-in,1012.360,0.317,8.96000,8.96000
scroll-in,1012.682,0.322,8.96000,8.96000
scroll-in,1013.014,0.332,8.96000,8.96000
scroll-in,1013.321,0.308,8.96000,8.96000
scroll-in,1013.615,0.294,8.96000,8.96000
scroll-in,1013.913,0.298,8.96000,8.96000
scroll-in,1014.227,0.314,8.96000,8.96000
scroll-in,1015.779,1.552,8.96000,8.96000
scroll-in,1016.284,0.505,8.96000,8.96000
scroll-in,1016.829,0.545,8.96000,8.96000
scroll-in,1017.179,0.350,8.96000,8.96000
scroll-in,1017.501,0.322,8.96000,8.96000
scroll-in,1017.857,0.357,8.96000,8.96000
scroll-in,1018.233,0.376,8.96000,8.96000
scroll-in,1018.575,0.342,8.96000,8.96000
scroll-in,1018.887,0.312,8.96000,8.96000
scroll-in,1019.192,0.306,8.96000,8.96000
scroll-in,1019.528,0.336,8.96000,8.96000
scroll-in,1019.874,0.346,8.96000,8.96000
scroll-in,1020.195,0.320,8.96000,8.96000
scroll-in,1020.504,0.310,8.96000,8.96000
scroll-in,1020.801,0.297,8.96000,8.96000
scroll-in,1021.093,0.292,8.96000,8.96000
scroll-in,1021.379,0.285,8.96000,8.96000
scroll-in,1021.662,0.284,8.96000,8.96000
scroll-in,1021.945,0.283,8.96000,8.96000
scroll-in,1024.388,2.443,8.96000,8.96000
scroll-in,1025.130,0.742,8.96000,8.96000
scroll-in,1025.784,0.654,8.96000,8.96000
scroll-in,1026.197,0.413,8.96000,8.96000
scroll-in,1026.536,0.338,8.96000,8.96000
scroll-in,1026.877,0.341,8.96000,8.96000
scroll-in,1027.507,0.630,8.96000,8.96000
scroll-in,1027.865,0.358,8.96000,8.96000
scroll-in,1028.218,0.353,8.96000,8.96000
scroll-in,1028.537,0.319,8.96000,8.96000
scroll-in,1028.955,0.418,8.96000,8.96000
scroll-in,1029.319,0.364,8.96000,8.96000
scroll-in,1029.677,0.358,8.96000,8.96000
scroll-in,1030.004,0.326,8.96000,8.96000
scroll-in,1030.329,0.325,8.96000,8.96000
scroll-in,1030.644,0.315,8.96000,8.96000
scroll-in,1030.973,0.329,8.96000,8.96000
scroll-in,1033.409,2.436,8.96000,8.96000
scroll-in,1033.815,0.406,8.96000,8.96000
scroll-in,1034.169,0.354,8.96000,8.96000
scroll-in,1034.485,0.316,8.96000,8.96000
scroll-in,1034.813,0.328,8.96000,8.96000
scroll-in,1035.110,0.297,8.96000,8.96000
scroll-in,1035.411,0.302,8.96000,8.96000
scroll-in,1035.724,0.312,8.96000,8.96000
scroll-in,1036.024,0.300,8.96000,8.96000
scroll-in,1036.313,0.289,8.96000,8.96000
scroll-in,1036.648,0.335,8.96000,8.96000
scroll-in,1036.974,0.326,8.96000,8.96000
scroll-in,1037.272,0.298,8.96000,8.96000
scroll-in,1037.571,0.298,8.96000,8.96000
scroll-in,1037.874,0.304,8.96000,8.96000
scroll-in,1038.170,0.296,8.96000,8.96000
scroll-in,1038.462,0.292,8.96000,8.96000
scroll-in,1038.770,0.307,8.96000,8.96000
scroll-in,1039.078,0.309,8.96000,8.96000
scroll-in,1040.110,1.032,8.96000,8.96000
scroll-in,1040.522,0.412,8.96000,8.96000
scroll-in,1040.860,0.338,8.96000,8.96000
scroll-in,1041.241,0.381,8.96000,8.96000
scroll-in,1041.563,0.322,8.96000,8.96000
scroll-in,1041.891,0.328,8.96000,8.96000
scroll-in,1042.205,0.314,8.96000,8.96000
scroll-in,1044.507,2.302,8.96000,8.96000
scroll-in,1045.047,0.540,8.96000,8.96000
scroll-in,1045.506,0.460,8.96000,8.96000
scroll-in,1045.871,0.365,8.96000,8.96000
scroll-in,1046.210,0.339,8.96000,8.96000
scroll-in,1046.542,0.332,8.96000,8.96000
scroll-in,1047.514,0.972,8.96000,8.96000
scroll-in,1048.148,0.634,8.96000,8.96000
scroll-in,1050.099,1.951,8.96000,8.96000
scroll-in,1050.569,0.470,8.96000,8.96000
scroll-in,1051.367,0.799,8.96000,8.96000
scroll-in,1051.712,0.345,8.96000,8.96000
scroll-in,1052.031,0.318,8.96000,8.96000
scroll-in,1052.358,0.328,8.96000,8.96000
scroll-in,1052.817,0.459,8.96000,8.96000
scroll-in,1053.175,0.358,8.96000,8.96000
scroll-in,1053.508,0.333,8.96000,8.96000
scroll-in,1054.011,0.503,8.96000,8.96000
scroll-in,1054.346,0.335,8.96000,8.96000
scroll-in,1054.747,0.401,8.96000,8.96000
scroll-in,1055.144,0.396,8.96000,8.96000
scroll-in,1055.559,0.415,8.96000,8.96000
scroll-in,1055.890,0.331,8.96000,8.96000
scroll-in,1056.688,0.799,8.96000,8.96000
scroll-in,1057.016,0.327,8.96000,8.96000
scroll-in,1057.363,0.348,8.96000,8.96000
scroll-in,1057.691,0.327,8.96000,8.96000
scroll-in,1058.047,0.356,8.96000,8.96000
scroll-in,1058.382,0.335,8.96000,8.96000
scroll-in,1058.745,0.363,8.96000,8.96000
scroll-in,1059.645,0.900,8.96000,8.96000
scroll-in,1059.974,0.329,8.96000,8.96000
scroll-in,1060.328,0.354,8.96000,8.96000
scroll-in,1060.700,0.372,8.96000,8.96000
scroll-in,1061.047,0.347,8.96000,8.96000
scroll-in,1061.372,0.325,8.96000,8.96000
scroll-in,1061.681,0.309,8.96000,8.96000
scroll-in,1061.980,0.298,8.96000,8.96000
scroll-in,1062.271,0.291,8.96000,8.96000
scroll-in,1064.273,2.003,8.96000,8.96000
scroll-in,1064.911,0.638,8.96000,8.96000
scroll-in,1065.519,0.608,8.96000,8.96000
scroll-in,1066.003,0.484,8.96000,8.96000
scroll-in,1068.256,2.253,8.96000,8.96000
scroll-in,1068.721,0.465,8.96000,8.96000
scroll-in,1069.066,0.345,8.96000,8.96000
scroll-in,1069.395,0.329,8.96000,8.96000
scroll-in,1069.714,0.319,8.96000,8.96000
scroll-in,1070.067,0.353,8.96000,8.96000
scroll-in,1070.406,0.340,8.96000,8.96000
scroll-in,1070.741,0.335,8.96000,8.96000
scroll-in,1071.065,0.325,8.96000,8.96000
scroll-in,1071.451,0.386,8.96000,8.96000
scroll-in,1071.775,0.324,8.96000,8.96000
scroll-in,1072.070,0.295,8.96000,8.96000
scroll-in,1072.488,0.419,8.96000,8.96000
scroll-in,1073.705,1.217,8.96000,8.96000
scroll-in,1074.058,0.352,8.96000,8.96000
scroll-in,1074.530,0.473,8.96000,8.96000
scroll-in,1074.953,0.423,8.96000,8.96000
scroll-in,1075.416,0.463,8.96000,8.96000
scroll-in,1076.684,1.269,8.96000,8.96000
scroll-in,1077.120,0.436,8.96000,8.96000
scroll-in,1077.932,0.811,8.96000,8.96000
scroll-in,1078.720,0.788,8.96000,8.96000
scroll-in,1079.092,0.373,8.96000,8.96000
scroll-in,1079.430,0.337,8.96000,8.96000
scroll-in,1079.769,0.339,8.96000,8.96000
scroll-in,1080.187,0.418,8.96000,8.96000
scroll-in,1080.535,0.348,8.96000,8.96000
scroll-in,1082.292,1.757,8.96000,8.96000
scroll-in,1082.654,0.363,8.96000,8.96000
scroll-in,1083.701,1.047,8.96000,8.96000
scroll-in,1084.138,0.437,8.96000,8.96000
scroll-in,1084.487,0.349,8.96000,8.96000
scroll-in,1084.818,0.331,8.96000,8.96000
scroll-in,1085.141,0.324,8.96000,8.96000
scroll-in,1085.470,0.329,8.96000,8.96000
scroll-in,1085.891,0.420,8.96000,8.96000
scroll-in,1086.244,0.353,8.96000,8.96000
scroll-in,1086.561,0.317,8.96000,8.96000
scroll-in,1086.890,0.329,8.96000,8.96000
scroll-in,1087.209,0.319,8.96000,8.96000
scroll-in,1087.520,0.311,8.96000,8.96000
scroll-in,1087.824,0.304,8.96000,8.96000
scroll-in,1088.133,0.308,8.96000,8.96000
scroll-in,1088.458,0.325,8.96000,8.96000
scroll-in,1088.812,0.355,8.96000,8.96000
scroll-in,1090.734,1.922,8.96000,8.96000
scroll-in,1091.221,0.487,8.96000,8.96000
scroll-in,1091.596,0.375,8.96000,8.96000
scroll-in,1092.082,0.486,8.96000,8.96000
scroll-in,1092.874,0.792,8.96000,8.96000
scroll-in,1093.389,0.515,8.96000,8.96000
scroll-in,1093.739,0.350,8.96000,8.96000
scroll-in,1094.074,0.334,8.96000,8.96000
scroll-in,1094.409,0.335,8.96000,8.96000
scroll-in,1094.745,0.336,8.96000,8.96000
scroll-in,1095.073,0.328,8.96000,8.96000
scroll-in,1095.392,0.319,8.96000,8.96000
scroll-in,1095.705,0.313,8.96000,8.96000
scroll-in,1096.067,0.361,8.96000,8.96000
scroll-in,1096.419,0.352,8.96000,8.96000
scroll-in,1096.762,0.343,8.96000,8.96000
scroll-in,1097.241,0.479,8.96000,8.96000
scroll-in,1097.648,0.407,8.96000,8.96000
scroll-in,1099.448,1.801,8.96000,8.96000
scroll-in,1099.799,0.351,8.96000,8.96000
scroll-in,1100.114,0.315,8.96000,8.96000
scroll-in,1100.441,0.328,8.96000,8.96000
scroll-in,1100.748,0.307,8.96000,8.96000
scroll-in,1101.507,0.759,8.96000,8.96000
scroll-in,1101.823,0.316,8.96000,8.96000
scroll-in,1103.854,2.032,8.96000,8.96000
scroll-in,1104.218,0.364,8.96000,8.96000
scroll-in,1104.530,0.311,8.96000,8.96000
scroll-in,1104.829,0.299,8.96000,8.96000
scroll-in,1105.118,0.290,8.96000,8.96000
scroll-in,1105.445,0.326,8.96000,8.96000
scroll-in,1105.746,0.302,8.96000,8.96000
scroll-in,1107.070,1.324,8.96000,8.96000
scroll-in,1107.416,0.346,8.96000,8.96000
scroll-in,1107.898,0.482,8.96000,8.96000
scroll-in,1108.207,0.309,8.96000,8.96000
scroll-in,1108.518,0.312,8.96000,8.96000
scroll-in,1109.041,0.523,8.96000,8.96000
scroll-in,1109.346,0.305,8.96000,8.96000
scroll-in,1109.635,0.290,8.96000,8.96000
scroll-in,1109.941,0.305,8.96000,8.96000
scroll-in,1110.235,0.294,8.96000,8.96000
scroll-in,1110.524,0.289,8.96000,8.96000
scroll-in,1110.810,0.286,8.96000,8.96000
scroll-in,1111.103,0.293,8.96000,8.96000
scroll-in,1111.393,0.290,8.96000,8.96000
scroll-in,1111.682,0.289,8.96000,8.96000
scroll-in,1111.974,0.292,8.96000,8.96000
scroll-in,1112.333,0.359,8.96000,8.96000
scroll-in,1112.770,0.437,8.96000,8.96000
scroll-in,1113.467,0.697,8.96000,8.96000
scroll-in,1114.172,0.705,8.96000,8.96000
scroll-in,1115.913,1.742,8.96000,8.96000
scroll-in,1116.377,0.464,8.96000,8.96000
scroll-in,1116.736,0.359,8.96000,8.96000
scroll-in,1117.053,0.318,8.96000,8.96000
scroll-in,1117.359,0.306,8.96000,8.96000
scroll-in,1117.657,0.297,8.96000,8.96000
scroll-in,1117.959,0.302,8.96000,8.96000
scroll-in,1118.311,0.352,8.96000,8.96000
scroll-in,1118.632,0.322,8.96000,8.96000
scroll-in,1118.955,0.323,8.96000,8.96000
scroll-in,1119.248,0.293,8.96000,8.96000
scroll-in,1119.555,0.307,8.96000,8.96000
scroll-in,1119.848,0.294,8.96000,8.96000
scroll-in,1120.131,0.282,8.96000,8.96000
scroll-in,1120.551,0.420,8.96000,8.96000
scroll-in,1120.971,0.420,8.96000,8.96000
scroll-in,1121.468,0.498,8.96000,8.96000
scroll-in,1121.861,0.392,8.96000,8.96000
scroll-in,1125.945,4.084,8.96000,8.96000
scroll-in,1126.677,0.733,8.96000,8.96000
scroll-in,1127.086,0.409,8.96000,8.96000
scroll-in,1127.498,0.411,8.96000,8.96000
scroll-in,1127.963,0.465,8.96000,8.96000
scroll-in,1129.404,1.441,8.96000,8.96000
scroll-in,1129.755,0.351,8.96000,8.96000
scroll-in,1130.104,0.349,8.96000,8.96000
scroll-in,1130.424,0.321,8.96000,8.96000
scroll-in,1130.768,0.344,8.96000,8.96000
scroll-in,1131.246,0.478,8.96000,8.96000
scroll-in,1133.279,2.033,8.96000,8.96000
scroll-in,1133.737,0.458,8.96000,8.96000
scroll-in,1134.098,0.360,8.96000,8.96000
scroll-in,1134.419,0.321,8.96000,8.96000
scroll-in,1134.815,0.397,8.96000,8.96000
scroll-in,1135.147,0.332,8.96000,8.96000
scroll-in,1135.458,0.311,8.96000,8.96000
scroll-in,1135.771,0.312,8.96000,8.96000
scroll-in,1136.068,0.298,8.96000,8.96000
scroll-in,1136.372,0.304,8.96000,8.96000
scroll-in,1136.725,0.354,8.96000,8.96000
scroll-in,1137.034,0.308,8.96000,8.96000
scroll-in,1137.330,0.296,8.96000,8.96000
scroll-in,1137.618,0.289,8.96000,8.96000
scroll-in,1137.903,0.285,8.96000,8.96000
scroll-in,1138.263,0.360,8.96000,8.96000
scroll-in,1138.640,0.376,8.96000,8.96000
scroll-in,1138.968,0.328,8.96000,8.96000
scroll-in,1139.282,0.314,8.96000,8.96000
scroll-in,1140.074,0.792,8.96000,8.96000
scroll-in,1140.444,0.370,8.96000,8.96000
scroll-in,1140.794,0.350,8.96000,8.96000
scroll-in,1141.124,0.330,8.96000,8.96000
scroll-in,1141.445,0.321,8.96000,8.96000
scroll-in,1141.753,0.308,8.96000,8.96000
scroll-in,1142.060,0.307,8.96000,8.96000
scroll-in,1142.487,0.427,8.96000,8.96000
scroll-in,1142.811,0.324,8.96000,8.96000
scroll-in,1143.135,0.324,8.96000,8.96000
scroll-in,1145.628,2.493,8.96000,8.96000
scroll-in,1146.202,0.575,8.96000,8.96000
scroll-in,1146.568,0.365,8.96000,8.96000
scroll-in,1146.966,0.398,8.96000,8.96000
scroll-in,1147.529,0.563,8.96000,8.96000
scroll-in,1148.050,0.522,8.96000,8.96000
scroll-in,1150.331,2.281,8.96000,8.96000
scroll-in,1150.793,0.462,8.96000,8.96000
scroll-in,1151.544,0.751,8.96000,8.96000
scroll-in,1151.873,0.329,8.96000,8.96000
scroll-in,1152.181,0.308,8.96000,8.96000
scroll-in,1152.603,0.421,8.96000,8.96000
scroll-in,1152.942,0.339,8.96000,8.96000
scroll-in,1153.315,0.374,8.96000,8.96000
scroll-in,1153.652,0.337,8.96000,8.96000
scroll-in,1153.959,0.308,8.96000,8.96000
scroll-in,1154.293,0.334,8.96000,8.96000
scroll-in,1154.600,0.306,8.96000,8.96000
scroll-in,1154.941,0.341,8.96000,8.96000
scroll-in,1155.248,0.308,8.96000,8.96000
scroll-in,1155.552,0.304,8.96000,8.96000
scroll-in,1157.203,1.651,8.96000,8.96000
scroll-in,1157.594,0.390,8.96000,8.96000
scroll-in,1157.948,0.354,8.96000,8.96000
scroll-in,1158.271,0.323,8.96000,8.96000
scroll-in,1158.620,0.349,8.96000,8.96000
scroll-in,1159.148,0.528,8.96000,8.96000
scroll-in,1159.459,0.311,8.96000,8.96000
scroll-in,1159.761,0.302,8.96000,8.96000
scroll-in,1160.057,0.296,8.96000,8.96000
scroll-in,1160.357,0.301,8.96000,8.96000
scroll-in,1160.654,0.297,8.96000,8.96000
scroll-in,1161.250,0.596,8.96000,8.96000
scroll-in,1161.697,0.447,8.96000,8.96000
scroll-in,1165.828,4.131,8.96000,8.96000
scroll-in,1166.597,0.769,8.96000,8.96000
scroll-in,1167.055,0.459,8.96000,8.96000
scroll-in,1167.414,0.358,8.96000,8.96000
scroll-in,1167.755,0.342,8.96000,8.96000
scroll-in,1168.088,0.333,8.96000,8.96000
scroll-in,1168.403,0.315,8.96000,8.96000
scroll-in,1168.712,0.309,8.96000,8.96000
scroll-in,1169.110,0.398,8.96000,8.96000
scroll-in,1169.612,0.503,8.96000,8.96000
scroll-in,1169.965,0.352,8.96000,8.96000
scroll-in,1170.284,0.319,8.96000,8.96000
scroll-in,1170.596,0.313,8.96000,8.96000
scroll-in,1170.897,0.301,8.96000,8.96000
scroll-in,1171.196,0.298,8.96000,8.96000
scroll-in,1171.486,0.290,8.96000,8.96000
scroll-in,1171.788,0.303,8.96000,8.96000
scroll-in,1172.142,0.354,8.96000,8.96000
scroll-in,1172.489,0.347,8.96000,8.96000
scroll-in,1172.878,0.389,8.96000,8.96000
scroll-in,1173.945,1.067,8.96000,8.96000
scroll-in,1174.361,0.416,8.96000,8.96000
scroll-in,1174.855,0.494,8.96000,8.96000
scroll-in,1175.367,0.512,8.96000,8.96000
scroll-in,1175.810,0.443,8.96000,8.96000
scroll-in,1176.464,0.654,8.96000,8.96000
scroll-in,1176.903,0.439,8.96000,8.96000
scroll-in,1177.297,0.394,8.96000,8.96000
scroll-in,1177.615,0.318,8.96000,8.96000
scroll-in,1177.999,0.384,8.96000,8.96000
scroll-in,1178.458,0.459,8.96000,8.96000
scroll-in,1178.881,0.423,8.96000,8.96000
scroll-in,1179.607,0.725,8.96000,8.96000
scroll-in,1179.961,0.355,8.96000,8.96000
scroll-in,1180.287,0.326,8.96000,8.96000
scroll-in,1180.598,0.311,8.96000,8.96000
scroll-in,1180.908,0.310,8.96000,8.96000
scroll-in,1185.475,4.567,8.96000,8.96000
scroll-in,1185.984,0.509,8.96000,8.96000
scroll-in,1186.338,0.354,8.96000,8.96000
scroll-in,1186.749,0.411,8.96000,8.96000
scroll-in,1187.143,0.395,8.96000,8.96000
scroll-in,1187.504,0.361,8.96000,8.96000
scroll-in,1187.831,0.326,8.96000,8.96000
scroll-in,1188.158,0.327,8.96000,8.96000
scroll-in,1188.491,0.334,8.96000,8.96000
scroll-in,1188.874,0.383,8.96000,8.96000
scroll-in,1189.204,0.330,8.96000,8.96000
scroll-in,1190.423,1.219,8.96000,8.96000
scroll-in,1190.741,0.318,8.96000,8.96000
scroll-in,1191.038,0.297,8.96000,8.96000
scroll-in,1191.462,0.425,8.96000,8.96000
scroll-in,1191.816,0.354,8.96000,8.96000
scroll-in,1193.662,1.846,8.96000,8.96000
scroll-in,1194.107,0.445,8.96000,8.96000
scroll-in,1194.450,0.343,8.96000,8.96000
scroll-in,1194.765,0.315,8.96000,8.96000
scroll-in,1195.096,0.331,8.96000,8.96000
scroll-in,1195.394,0.298,8.96000,8.96000
scroll-in,1195.702,0.308,8.96000,8.96000
scroll-in,1196.004,0.302,8.96000,8.96000
scroll-in,1196.355,0.351,8.96000,8.96000
scroll-in,1196.655,0.300,8.96000,8.96000
scroll-in,1196.961,0.306,8.96000,8.96000
scroll-in,1197.258,0.297,8.96000,8.96000
scroll-in,1197.793,0.535,8.96000,8.96000
scroll-in,1199.758,1.965,8.96000,8.96000
scroll-in,1200.211,0.453,8.96000,8.96000
scroll-in,1200.552,0.341,8.96000,8.96000
zoom-out,0.000,0.000,9.11623,9.11623
zoom-out,0.411,0.411,9.20821,9.20821
zoom-out,1.059,0.647,9.35384,9.35384
zoom-out,1.481,0.423,9.44958,9.44958
zoom-out,1.970,0.488,9.56077,9.56077
zoom-out,2.321,0.352,9.64124,9.64124
zoom-out,2.638,0.317,9.71411,9.71411
zoom-out,2.968,0.330,9.79011,9.79011
zoom-out,3.276,0.309,9.86158,9.86158
zoom-out,3.575,0.299,9.93097,9.93097
zoom-out,3.868,0.293,9.99928,9.99928
zoom-out,4.154,0.286,10.06616,10.06617
zoom-out,5.119,0.965,10.29340,10.29340
zoom-out,5.461,0.342,10.37463,10.37463
zoom-out,5.828,0.367,10.46198,10.46198
zoom-out,6.184,0.356,10.54700,10.54700
zoom-out,6.561,0.378,10.63766,10.63766
zoom-out,6.906,0.344,10.72062,10.72062
zoom-out,7.247,0.341,10.80313,10.80313
zoom-out,8.229,0.982,11.04215,11.04215
zoom-out,8.608,0.379,11.13510,11.13510
zoom-out,9.017,0.409,11.23575,11.23575
zoom-out,9.354,0.337,11.31899,11.31899
zoom-out,9.667,0.314,11.39672,11.39672
zoom-out,9.971,0.304,11.47237,11.47237
zoom-out,11.892,1.921,11.95505,11.95505
zoom-out,12.394,0.502,12.08254,12.08254
zoom-out,12.830,0.436,12.19389,12.19389
zoom-out,14.977,2.146,12.74794,12.74794
zoom-out,15.422,0.445,12.86420,12.86420
zoom-out,15.791,0.369,12.96074,12.96074
zoom-out,16.115,0.324,13.04595,13.04595
zoom-out,16.421,0.306,13.12658,13.12658
zoom-out,16.730,0.309,13.20816,13.20816
zoom-out,17.024,0.294,13.28591,13.28591
zoom-out,17.625,0.601,13.44554,13.44554
zoom-out,17.922,0.297,13.52461,13.52461
zoom-out,18.322,0.400,13.63155,13.63155
zoom-out,18.682,0.360,13.72809,13.72809
zoom-out,18.999,0.317,13.81315,13.81315
zoom-out,19.304,0.305,13.89537,13.89537
zoom-out,19.604,0.300,13.97635,13.97635
zoom-out,19.905,0.301,14.05785,14.05785
zoom-out,20.206,0.300,14.13927,14.13926
zoom-out,20.917,0.711,14.33277,14.33277
zoom-out,21.900,0.983,14.60172,14.60172
zoom-out,22.295,0.396,14.71059,14.71059
zoom-out,22.641,0.345,14.80581,14.80581
zoom-out,22.968,0.327,14.89611,14.89611
zoom-out,23.289,0.322,14.98513,14.98513
zoom-out,23.691,0.402,15.09667,15.09667
zoom-out,24.120,0.429,15.21617,15.21617
zoom-out,24.483,0.363,15.31736,15.31736
zoom-out,24.913,0.430,15.43767,15.43767
zoom-out,25.280,0.366,15.54037,15.54037
zoom-out,26.178,0.898,15.79320,15.79320
zoom-out,26.719,0.541,15.94615,15.94615
zoom-out,27.096,0.377,16.05287,16.05287
zoom-out,27.425,0.329,16.14640,16.14640
zoom-out,27.760,0.335,16.24156,16.24156
zoom-out,28.087,0.327,16.33483,16.33483
zoom-out,28.443,0.356,16.43645,16.43645
zoom-out,28.761,0.318,16.52738,16.52738
zoom-out,29.089,0.329,16.62151,16.62151
zoom-out,29.421,0.332,16.71677,16.71677
zoom-out,30.648,1.226,17.07019,17.07019
zoom-out,31.004,0.357,17.17342,17.17342
zoom-out,31.339,0.334,17.27033,17.27033
zoom-out,32.702,1.363,17.66687,17.66687
zoom-out,33.163,0.461,17.80157,17.80157
zoom-out,33.582,0.420,17.92444,17.92444
zoom-out,33.971,0.388,18.03835,18.03835
zoom-out,34.353,0.382,18.15068,18.15068
zoom-out,34.826,0.472,18.28970,18.28970
zoom-out,35.176,0.350,18.39290,18.39290
zoom-out,35.599,0.424,18.51797,18.51797
zoom-out,35.999,0.400,18.63623,18.63623
zoom-out,36.372,0.373,18.74679,18.74679
zoom-out,36.762,0.390,18.86243,18.86243
zoom-out,37.112,0.349,18.96618,18.96618
zoom-out,37.464,0.353,19.07104,19.07104
zoom-out,37.828,0.364,19.17934,19.17934
zoom-out,39.469,1.641,19.66963,19.66963
zoom-out,40.084,0.616,19.85423,19.85423
zoom-out,40.512,0.427,19.98263,19.98262
zoom-out,40.975,0.463,20.12196,20.12196
zoom-out,41.356,0.381,20.23666,20.23666
zoom-out,41.737,0.382,20.35178,20.35178
zoom-out,42.127,0.390,20.46939,20.46939
zoom-out,42.502,0.375,20.58280,20.58280
zoom-out,42.915,0.413,20.70766,20.70767
zoom-out,43.596,0.681,20.91402,20.91402
zoom-out,44.004,0.408,21.03775,21.03775
zoom-out,44.400,0.396,21.15793,21.15793
zoom-out,44.794,0.394,21.27780,21.27780
zoom-out,45.173,0.378,21.39290,21.39290
zoom-out,45.563,0.390,21.51164,21.51164
zoom-out,45.946,0.383,21.62843,21.62843
zoom-out,46.377,0.431,21.75975,21.75975
zoom-out,47.638,1.261,22.14504,22.14504
zoom-out,48.034,0.396,22.26607,22.26607
zoom-out,48.413,0.380,22.38226,22.38226
zoom-out,48.790,0.377,22.49781,22.49781
zoom-out,49.181,0.391,22.61764,22.61764
zoom-out,50.079,0.898,22.89303,22.89303
zoom-out,50.509,0.430,23.02503,23.02503
zoom-out,50.908,0.400,23.14780,23.14780
zoom-out,51.276,0.368,23.26091,23.26091
zoom-out,52.765,1.490,23.71936,23.71936
zoom-out,53.258,0.493,23.87116,23.87116
zoom-out,53.653,0.395,23.99300,23.99300
zoom-out,54.097,0.444,24.12975,24.12975
zoom-out,54.490,0.393,24.25109,24.25109
zoom-out,56.307,1.817,24.81180,24.81180
zoom-out,56.848,0.541,24.97895,24.97895
zoom-out,57.301,0.453,25.11882,25.11882
zoom-out,57.706,0.406,25.24410,25.24410
zoom-out,58.301,0.595,25.42781,25.42782
zoom-out,58.683,0.382,25.54585,25.54585
zoom-out,59.067,0.384,25.66451,25.66452
zoom-out,59.443,0.376,25.78065,25.78064
zoom-out,59.906,0.463,25.92363,25.92363
zoom-out,60.271,0.365,26.03651,26.03651
zoom-out,60.644,0.373,26.15185,26.15185
zoom-out,61.051,0.407,26.27754,26.27754
zoom-out,61.426,0.375,26.39349,26.39349
zoom-out,61.859,0.433,26.52712,26.52712
zoom-out,62.315,0.456,26.66795,26.66795
zoom-out,64.349,2.034,27.29590,27.29590
zoom-out,64.876,0.527,27.45840,27.45840
zoom-out,65.310,0.434,27.59211,27.59211
zoom-out,65.718,0.408,27.71780,27.71780
zoom-out,66.096,0.379,27.83444,27.83444
zoom-out,66.485,0.389,27.95418,27.95418
zoom-out,66.855,0.370,28.06821,28.06821
zoom-out,67.268,0.413,28.19531,28.19531
zoom-out,67.650,0.382,28.31272,28.31272
zoom-out,68.026,0.376,28.42818,28.42818
zoom-out,68.552,0.526,28.58991,28.58991
zoom-out,68.971,0.419,28.71853,28.71854
zoom-out,69.367,0.396,28.84009,28.84009
zoom-out,69.760,0.394,28.96082,28.96082
zoom-out,70.335,0.575,29.13698,29.13698
zoom-out,70.717,0.382,29.25414,29.25414
zoom-out,72.806,2.089,29.89276,29.89276
zoom-out,73.568,0.762,30.12521,30.12521
zoom-out,74.629,1.061,30.44817,30.44817
zoom-out,75.484,0.855,30.70813,30.70813
zoom-out,75.910,0.426,30.83736,30.83736
zoom-out,76.314,0.404,30.95983,30.95983
zoom-out,76.711,0.397,31.08022,31.08022
zoom-out,77.102,0.391,31.19860,31.19860
zoom-out,77.475,0.373,31.31134,31.31134
zoom-out,77.850,0.375,31.42462,31.42462
zoom-out,78.229,0.379,31.53912,31.53912
zoom-out,78.605,0.375,31.65234,31.65234
zoom-out,78.989,0.384,31.76802,31.76802
zoom-out,79.392,0.403,31.88933,31.88933
zoom-out,81.518,2.127,32.52735,32.52735
zoom-out,82.051,0.533,32.68677,32.68677
zoom-out,82.471,0.419,32.81197,32.81197
zoom-out,82.875,0.404,32.93243,32.93243
zoom-out,83.268,0.393,33.04956,33.04956
zoom-out,83.651,0.383,33.16349,33.16349
zoom-out,84.027,0.376,33.27518,33.27518
zoom-out,84.405,0.378,33.38721,33.38721
zoom-out,84.841,0.436,33.51645,33.51645
zoom-out,85.289,0.449,33.64923,33.64923
zoom-out,85.668,0.379,33.76123,33.76123
zoom-out,86.053,0.385,33.87487,33.87487
zoom-out,86.450,0.397,33.99204,33.99204
zoom-out,86.949,0.499,34.13886,34.13886
zoom-out,87.520,0.571,34.30652,34.30652
zoom-out,87.952,0.433,34.43349,34.43349
zoom-out,89.294,1.342,34.82600,34.82600
zoom-out,89.724,0.429,34.95113,34.95113
zoom-out,90.133,0.409,35.07027,35.07027
zoom-out,90.558,0.425,35.19381,35.19381
zoom-out,93.366,2.808,36.00483,36.00482
zoom-out,93.993,0.627,36.18476,36.18476
zoom-out,94.432,0.439,36.31054,36.31054
zoom-out,94.825,0.393,36.42282,36.42282
zoom-out,95.243,0.417,36.54187,36.54188
zoom-out,95.641,0.398,36.65520,36.65520
zoom-out,96.047,0.406,36.77063,36.77063
zoom-out,96.428,0.381,36.87878,36.87878
zoom-out,98.048,1.621,37.33677,37.33677
zoom-out,98.580,0.532,37.48649,37.48649
zoom-out,99.007,0.426,37.60608,37.60608
zoom-out,99.874,0.868,37.84889,37.84889
zoom-out,100.320,0.446,37.97324,37.97324
zoom-out,100.818,0.498,38.11187,38.11187
zoom-out,101.218,0.400,38.22295,38.22296
zoom-out,101.605,0.387,38.33034,38.33034
zoom-out,101.983,0.378,38.43499,38.43499
zoom-out,102.362,0.378,38.53952,38.53953
zoom-out,102.735,0.373,38.64246,38.64247
zoom-out,103.111,0.376,38.74591,38.74591
zoom-out,103.539,0.428,38.86357,38.86357
zoom-out,104.016,0.477,38.99443,38.99443
zoom-out,105.538,1.522,39.40942,39.40942
zoom-out,106.073,0.535,39.55457,39.55457
zoom-out,107.054,0.981,39.81963,39.81963
zoom-out,107.746,0.692,40.00578,40.00578
zoom-out,108.256,0.510,40.14265,40.14265
zoom-out,108.685,0.429,40.25746,40.25746
zoom-out,109.088,0.403,40.36501,40.36502
zoom-out,109.530,0.442,40.48272,40.48271
zoom-out,109.931,0.401,40.58933,40.58933
zoom-out,110.322,0.391,40.69309,40.69309
zoom-out,110.724,0.402,40.79932,40.79932
zoom-out,111.106,0.382,40.90020,40.90020
zoom-out,112.882,1.776,41.36623,41.36623
zoom-out,113.412,0.530,41.50444,41.50444
zoom-out,113.852,0.440,41.61876,41.61876
zoom-out,115.689,1.838,42.09343,42.09343
zoom-out,116.257,0.568,42.23898,42.23898
zoom-out,116.757,0.501,42.36696,42.36696
zoom-out,117.213,0.456,42.48323,42.48324
zoom-out,117.689,0.476,42.60419,42.60420
zoom-out,118.193,0.504,42.73190,42.73189
zoom-out,118.606,0.413,42.83628,42.83629
zoom-out,119.000,0.394,42.93566,42.93566
zoom-out,119.383,0.382,43.03185,43.03185
zoom-out,119.767,0.384,43.12823,43.12824
zoom-out,120.161,0.394,43.22695,43.22695
zoom-out,120.541,0.380,43.32183,43.32183
zoom-out,120.921,0.380,43.41648,43.41648
zoom-out,121.306,0.385,43.51222,43.51222
zoom-out,122.309,1.003,43.76049,43.76049
zoom-out,122.840,0.531,43.89128,43.89128
zoom-out,123.607,0.767,44.07941,44.07941
zoom-out,124.179,0.571,44.21891,44.21892
zoom-out,125.299,1.121,44.49103,44.49103
zoom-out,125.740,0.441,44.59756,44.59756
zoom-out,126.151,0.411,44.69666,44.69666
zoom-out,126.553,0.402,44.79325,44.79325
zoom-out,126.958,0.405,44.89029,44.89029
zoom-out,127.375,0.417,44.98997,44.98997
zoom-out,127.863,0.487,45.10608,45.10608
zoom-out,128.330,0.468,45.21711,45.21711
zoom-out,128.830,0.500,45.33549,45.33550
zoom-out,129.265,0.435,45.43817,45.43817
zoom-out,131.022,1.757,45.84969,45.84969
zoom-out,131.502,0.480,45.96127,45.96127
zoom-out,131.919,0.416,46.05768,46.05768
zoom-out,133.136,1.217,46.33809,46.33809
zoom-out,136.203,3.067,47.03397,47.03397
zoom-out,137.780,1.577,47.38589,47.38589
zoom-out,139.612,1.832,47.78971,47.78971
zoom-out,140.114,0.502,47.89948,47.89947
zoom-out,140.643,0.529,48.01454,48.01454
zoom-out,141.785,1.141,48.26141,48.26141
zoom-out,142.252,0.467,48.36180,48.36180
zoom-out,142.667,0.415,48.45073,48.45072
zoom-out,143.064,0.397,48.53559,48.53559
zoom-out,143.558,0.495,48.64086,48.64086
zoom-out,143.973,0.415,48.72879,48.72879
zoom-out,144.374,0.401,48.81366,48.81366
zoom-out,144.845,0.470,48.91282,48.91281
zoom-out,145.303,0.459,49.00911,49.00911
zoom-out,145.760,0.457,49.10473,49.10473
zoom-out,146.180,0.420,49.19225,49.19225
zoom-out,148.251,2.072,49.62014,49.62014
zoom-out,148.871,0.620,49.74677,49.74677
zoom-out,149.741,0.871,49.92369,49.92368
zoom-out,150.158,0.417,50.00792,50.00792
zoom-out,150.551,0.393,50.08713,50.08713
zoom-out,151.532,0.981,50.28365,50.28365
zoom-out,152.105,0.573,50.39778,50.39778
zoom-out,152.554,0.449,50.48680,50.48680
zoom-out,152.971,0.418,50.56935,50.56935
zoom-out,153.374,0.403,50.64874,50.64874
zoom-out,153.764,0.390,50.72534,50.72534
zoom-out,154.149,0.385,50.80070,50.80070
zoom-out,154.573,0.424,50.88332,50.88332
zoom-out,155.723,1.151,51.10636,51.10636
zoom-out,156.207,0.483,51.19939,51.19939
zoom-out,156.782,0.576,51.30978,51.30978
zoom-out,157.936,1.154,51.52935,51.52935
zoom-out,158.461,0.525,51.62862,51.62862
zoom-out,158.904,0.443,51.71206,51.71206
zoom-out,159.316,0.411,51.78917,51.78917
zoom-out,159.774,0.459,51.87492,51.87492
zoom-out,160.217,0.443,51.95732,51.95733
zoom-out,160.778,0.561,52.06141,52.06141
zoom-out,161.187,0.408,52.13681,52.13681
zoom-out,161.595,0.409,52.21198,52.21197
zoom-out,161.991,0.395,52.28448,52.28448
zoom-out,162.376,0.385,52.35493,52.35493
zoom-out,162.761,0.385,52.42501,52.42501
zoom-out,164.220,1.460,52.68887,52.68887
zoom-out,164.714,0.494,52.77736,52.77736
zoom-out,165.143,0.429,52.85390,52.85390
zoom-out,165.624,0.481,52.93941,52.93941
zoom-out,166.029,0.405,53.01123,53.01123
zoom-out,166.419,0.390,53.08001,53.08001
zoom-out,166.967,0.549,53.17645,53.17645
zoom-out,167.387,0.420,53.24992,53.24992
zoom-out,167.793,0.407,53.32084,53.32083
zoom-out,168.271,0.478,53.40382,53.40382
zoom-out,168.681,0.410,53.47477,53.47477
zoom-out,169.066,0.385,53.54126,53.54126
zoom-out,169.440,0.374,53.60549,53.60549
zoom-out,171.133,1.693,53.89391,53.89391
zoom-out,171.783,0.650,54.00354,54.00354
zoom-out,173.714,1.931,54.32542,54.32543
zoom-out,175.163,1.449,54.56334,54.56334
zoom-out,176.010,0.848,54.70109,54.70109
zoom-out,176.485,0.474,54.77767,54.77767
zoom-out,176.917,0.432,54.84723,54.84723
zoom-out,177.329,0.412,54.91331,54.91331
zoom-out,177.754,0.425,54.98111,54.98111
zoom-out,178.202,0.449,55.05243,55.05243
zoom-out,178.639,0.437,55.12160,55.12160
zoom-out,179.063,0.424,55.18849,55.18849
zoom-out,179.552,0.489,55.26525,55.26525
zoom-out,180.014,0.463,55.33759,55.33759
zoom-out,181.350,1.336,55.54480,55.54480
zoom-out,181.860,0.510,55.62328,55.62328
zoom-out,182.348,0.487,55.69787,55.69787
zoom-out,182.778,0.430,55.76343,55.76343
zoom-out,183.331,0.553,55.84741,55.84741
zoom-out,183.861,0.530,55.92747,55.92747
zoom-out,184.309,0.448,55.99478,55.99478
zoom-out,184.730,0.421,56.05781,56.05781
zoom-out,185.136,0.406,56.11830,56.11830
zoom-out,185.539,0.404,56.17828,56.17827
zoom-out,186.051,0.511,56.25391,56.25391
zoom-out,186.491,0.440,56.31873,56.31873
zoom-out,186.905,0.415,56.37953,56.37953
zoom-out,187.315,0.410,56.43940,56.43941
zoom-out,187.713,0.398,56.49737,56.49737
zoom-out,188.122,0.408,56.55659,56.55659
zoom-out,188.931,0.809,56.67326,56.67326
zoom-out,191.041,2.111,56.97340,56.97340
zoom-out,191.823,0.782,57.08302,57.08302
zoom-out,192.605,0.782,57.19193,57.19193
zoom-out,193.957,1.352,57.37819,57.37819
zoom-out,194.563,0.606,57.46084,57.46084
zoom-out,195.218,0.656,57.54982,57.54982
zoom-out,195.748,0.529,57.62121,57.62121
zoom-out,196.209,0.461,57.68314,57.68314
zoom-out,198.535,2.326,57.99121,57.99121
zoom-out,199.336,0.802,58.09581,58.09581
zoom-out,199.767,0.431,58.15165,58.15165
zoom-out,200.177,0.410,58.20456,58.20456
zoom-out,201.620,1.443,58.38927,58.38927
zoom-out,202.217,0.597,58.46493,58.46493
zoom-out,202.682,0.465,58.52355,58.52355
zoom-out,203.106,0.424,58.57675,58.57675
zoom-out,203.514,0.408,58.62774,58.62774
zoom-out,203.924,0.410,58.67881,58.67881
zoom-out,204.428,0.504,58.74120,58.74120
zoom-out,205.200,0.772,58.83629,58.83629
zoom-out,205.617,0.417,58.88732,58.88732
zoom-out,206.018,0.401,58.93623,58.93623
zoom-out,206.437,0.419,58.98712,58.98712
zoom-out,206.930,0.493,59.04667,59.04667
zoom-out,207.410,0.480,59.10442,59.10442
zoom-out,208.453,1.043,59.22895,59.22895
zoom-out,208.934,0.481,59.28588,59.28588
zoom-out,209.562,0.628,59.35989,59.35989
zoom-out,211.173,1.612,59.54763,59.54763
zoom-out,211.685,0.512,59.60664,59.60664
zoom-out,212.484,0.798,59.69804,59.69804
zoom-out,212.999,0.515,59.75665,59.75664
zoom-out,215.271,2.272,60.01144,60.01145
zoom-out,215.918,0.647,60.08294,60.08293
zoom-out,216.410,0.492,60.13699,60.13699
zoom-out,216.844,0.434,60.18450,60.18449
zoom-out,217.271,0.427,60.23100,60.23100
zoom-out,217.690,0.419,60.27645,60.27645
zoom-out,218.107,0.417,60.32144,60.32144
zoom-out,218.508,0.401,60.36454,60.36454
zoom-out,218.912,0.404,60.40775,60.40775
zoom-out,219.334,0.422,60.45277,60.45277
zoom-out,219.774,0.440,60.49945,60.49945
zoom-out,220.186,0.412,60.54296,60.54297
zoom-out,220.595,0.409,60.58600,60.58600
zoom-out,221.008,0.414,60.62936,60.62936
zoom-out,221.475,0.466,60.67801,60.67800
zoom-out,221.950,0.475,60.72731,60.72731
zoom-out,222.446,0.497,60.77861,60.77861
zoom-out,222.892,0.446,60.82441,60.82441
zoom-out,223.330,0.438,60.86921,60.86921
zoom-out,223.916,0.587,60.92891,60.92891
zoom-out,224.491,0.575,60.98709,60.98709
zoom-out,225.038,0.546,61.04203,61.04203
zoom-out,225.505,0.468,61.08883,61.08883
zoom-out,226.188,0.682,61.15671,61.15671
zoom-out,226.879,0.691,61.22497,61.22497
zoom-out,227.327,0.448,61.26892,61.26892
zoom-out,227.747,0.420,61.30999,61.30999
zoom-out,228.153,0.406,61.34953,61.34953
zoom-out,228.543,0.390,61.38734,61.38734
zoom-out,230.583,2.040,61.58253,61.58252
zoom-out,231.298,0.716,61.65001,61.65001
zoom-out,231.889,0.591,61.70536,61.70536
zoom-out,232.385,0.496,61.75155,61.75155
zoom-out,234.369,1.984,61.93397,61.93397
zoom-out,234.892,0.522,61.98137,61.98137
zoom-out,235.336,0.445,62.02151,62.02151
zoom-out,235.836,0.500,62.06644,62.06644
zoom-out,236.309,0.472,62.10865,62.10865
zoom-out,236.746,0.438,62.14758,62.14758
zoom-out,237.244,0.498,62.19165,62.19165
zoom-out,237.717,0.473,62.23328,62.23328
zoom-out,239.097,1.380,62.35357,62.35357
zoom-out,239.547,0.450,62.39240,62.39240
zoom-out,239.970,0.423,62.42876,62.42876
zoom-out,240.395,0.426,62.46516,62.46517
zoom-out,241.195,0.800,62.53320,62.53320
zoom-out,241.945,0.750,62.59639,62.59638
zoom-out,242.394,0.449,62.63399,62.63399
zoom-out,243.019,0.625,62.68607,62.68607
zoom-out,243.509,0.490,62.72667,62.72666
zoom-out,244.100,0.591,62.77530,62.77530
zoom-out,244.624,0.524,62.81819,62.81819
zoom-out,245.098,0.474,62.85676,62.85676
zoom-out,245.517,0.419,62.89071,62.89071
zoom-out,245.942,0.425,62.92494,62.92494
zoom-out,246.362,0.420,62.95867,62.95867
zoom-out,247.741,1.379,63.06831,63.06831
zoom-out,248.211,0.470,63.10531,63.10531
zoom-out,248.636,0.425,63.13863,63.13863
zoom-out,250.690,2.054,63.29741,63.29740
zoom-out,251.766,1.076,63.37921,63.37921
zoom-out,252.329,0.562,63.42157,63.42158
zoom-out,252.858,0.529,63.46121,63.46121
zoom-out,253.301,0.443,63.49424,63.49424
zoom-out,253.718,0.416,63.52512,63.52512
zoom-out,254.216,0.498,63.56189,63.56188
zoom-out,254.662,0.446,63.59464,63.59464
zoom-out,256.377,1.715,63.71909,63.71908
zoom-out,257.000,0.623,63.76373,63.76373
zoom-out,257.502,0.502,63.79945,63.79945
zoom-out,257.938,0.436,63.83032,63.83032
zoom-out,258.364,0.426,63.86034,63.86034
zoom-out,259.082,0.719,63.91069,63.91070
zoom-out,259.484,0.402,63.93871,63.93871
zoom-out,260.045,0.560,63.97752,63.97752
zoom-out,260.448,0.404,64.00535,64.00534
zoom-out,260.847,0.399,64.03271,64.03271
zoom-out,261.311,0.464,64.06441,64.06441
zoom-out,261.842,0.531,64.10047,64.10047
zoom-out,262.280,0.437,64.13002,64.13002
zoom-out,262.708,0.429,64.15884,64.15884
zoom-out,264.555,1.847,64.28146,64.28147
zoom-out,265.064,0.509,64.31484,64.31484
zoom-out,265.497,0.433,64.34307,64.34307
zoom-out,265.910,0.413,64.36991,64.36991
zoom-out,266.319,0.409,64.39632,64.39632
zoom-out,266.724,0.405,64.42238,64.42238
zoom-out,267.167,0.443,64.45073,64.45073
zoom-out,267.591,0.424,64.47776,64.47776
zoom-out,268.007,0.417,64.50418,64.50418
zoom-out,268.418,0.411,64.53013,64.53013
zoom-out,268.822,0.404,64.55553,64.55554
zoom-out,270.724,1.902,64.67357,64.67357
zoom-out,271.312,0.588,64.70957,64.70958
zoom-out,272.512,1.200,64.78233,64.78234
zoom-out,272.983,0.471,64.81061,64.81061
zoom-out,273.419,0.436,64.83665,64.83665
zoom-out,274.427,1.009,64.89644,64.89644
zoom-out,275.360,0.933,64.95115,64.95115
zoom-out,275.798,0.437,64.97660,64.97660
zoom-out,276.214,0.417,65.00074,65.00074
zoom-out,276.628,0.413,65.02457,65.02457
zoom-out,277.145,0.518,65.05428,65.05428
zoom-out,277.553,0.408,65.07754,65.07753
zoom-out,277.980,0.427,65.10181,65.10181
zoom-out,278.390,0.410,65.12497,65.12497
zoom-out,278.792,0.402,65.14761,65.14761
zoom-out,279.192,0.400,65.17003,65.17003
zoom-out,279.621,0.429,65.19393,65.19393
zoom-out,281.651,2.030,65.30564,65.30564
zoom-out,282.221,0.570,65.33655,65.33655
zoom-out,282.765,0.544,65.36586,65.36586
zoom-out,283.221,0.457,65.39034,65.39033
zoom-out,283.649,0.428,65.41313,65.41314
zoom-out,284.075,0.426,65.43575,65.43575
zoom-out,284.528,0.453,65.45968,65.45968
zoom-out,284.932,0.404,65.48092,65.48092
zoom-out,285.377,0.445,65.50418,65.50418
zoom-out,285.815,0.438,65.52696,65.52696
zoom-out,286.292,0.478,65.55169,65.55169
zoom-out,286.822,0.530,65.57897,65.57897
zoom-out,287.277,0.455,65.60226,65.60227
zoom-out,287.712,0.435,65.62444,65.62443
zoom-out,288.149,0.437,65.64658,65.64658
zoom-out,290.448,2.299,65.76139,65.76139
zoom-out,291.028,0.580,65.78990,65.78990
zoom-out,291.579,0.550,65.81676,65.81677
zoom-out,292.132,0.554,65.84364,65.84364
zoom-out,293.210,1.078,65.89545,65.89545
zoom-out,293.743,0.533,65.92083,65.92083
zoom-out,294.504,0.761,65.95680,65.95681
zoom-out,294.939,0.435,65.97724,65.97724
zoom-out,295.357,0.419,65.99681,65.99681
zoom-out,295.768,0.411,66.01591,66.01592
zoom-out,296.186,0.418,66.03526,66.03526
zoom-out,298.354,2.169,66.13424,66.13424
zoom-out,299.057,0.702,66.16578,66.16578
zoom-out,299.621,0.564,66.19094,66.19094
zoom-out,300.110,0.489,66.21261,66.21260
zoom-out,300.952,0.842,66.24965,66.24965
zoom-out,301.429,0.477,66.27046,66.27046
zoom-out,301.859,0.430,66.28915,66.28916
zoom-out,302.273,0.414,66.30705,66.30706
zoom-out,302.673,0.400,66.32424,66.32425
zoom-out,303.071,0.398,66.34130,66.34130
zoom-out,303.482,0.411,66.35882,66.35882
zoom-out,304.006,0.525,66.38107,66.38107
zoom-out,304.475,0.469,66.40083,66.40083
zoom-out,306.030,1.555,66.46567,66.46566
zoom-out,306.537,0.507,66.48656,66.48656
zoom-out,306.966,0.429,66.50414,66.50414
zoom-out,308.775,1.809,66.57734,66.57734
zoom-out,309.265,0.490,66.59690,66.59690
zoom-out,309.844,0.580,66.61990,66.61990
zoom-out,310.326,0.482,66.63892,66.63891
zoom-out,310.774,0.448,66.65648,66.65648
zoom-out,311.633,0.860,66.68996,66.68997
zoom-out,312.060,0.426,66.70645,66.70645
zoom-out,312.516,0.456,66.72401,66.72401
zoom-out,313.004,0.488,66.74270,66.74270
zoom-out,314.800,1.796,66.81054,66.81054
zoom-out,315.274,0.474,66.82820,66.82820
zoom-out,315.793,0.519,66.84745,66.84745
zoom-out,316.255,0.462,66.86449,66.86449
zoom-out,316.720,0.465,66.88155,66.88155
zoom-out,317.149,0.428,66.89718,66.89718
zoom-out,317.645,0.496,66.91518,66.91518
zoom-out,318.187,0.542,66.93475,66.93474
zoom-out,318.632,0.445,66.95070,66.95070
zoom-out,319.045,0.413,66.96546,66.96546
zoom-out,319.452,0.407,66.97991,66.97991
zoom-out,319.857,0.405,66.99422,66.99423
zoom-out,320.254,0.397,67.00822,67.00821
zoom-out,320.664,0.410,67.02258,67.02258
zoom-out,321.082,0.418,67.03715,67.03715
zoom-out,322.011,0.929,67.06930,67.06930
zoom-out,322.513,0.502,67.08652,67.08652
zoom-out,322.941,0.429,67.10116,67.10116
zoom-out,323.608,0.667,67.12379,67.12379
zoom-out,324.145,0.536,67.14185,67.14185
zoom-out,324.607,0.462,67.15733,67.15733
zoom-out,325.025,0.418,67.17128,67.17128
zoom-out,325.430,0.405,67.18472,67.18472
zoom-out,325.830,0.399,67.19791,67.19790
zoom-out,327.655,1.825,67.25741,67.25741
zoom-out,328.273,0.619,67.27729,67.27729
zoom-out,328.808,0.535,67.29436,67.29437
zoom-out,332.625,3.817,67.41322,67.41322
zoom-out,333.710,1.085,67.44605,67.44605
zoom-out,334.489,0.779,67.46939,67.46939
zoom-out,335.349,0.860,67.49492,67.49491
zoom-out,335.934,0.585,67.51212,67.51211
zoom-out,336.698,0.764,67.53440,67.53440
zoom-out,337.181,0.484,67.54842,67.54842
zoom-out,337.898,0.717,67.56904,67.56904
zoom-out,338.511,0.613,67.58655,67.58655
zoom-out,338.988,0.477,67.60008,67.60008
zoom-out,339.411,0.423,67.61202,67.61202
zoom-out,339.829,0.419,67.62378,67.62378
zoom-out,340.335,0.506,67.63790,67.63790
zoom-out,340.916,0.581,67.65405,67.65404
zoom-out,341.797,0.881,67.67831,67.67830
zoom-out,342.253,0.456,67.69075,67.69075
zoom-out,342.682,0.429,67.70242,67.70242
zoom-out,343.091,0.410,67.71349,67.71350
zoom-out,343.491,0.400,67.72427,67.72427
zoom-out,343.901,0.409,67.73523,67.73523
zoom-out,344.297,0.396,67.74580,67.74580
zoom-out,344.708,0.411,67.75670,67.75670
zoom-out,345.103,0.396,67.76716,67.76716
zoom-out,345.646,0.543,67.78143,67.78143
zoom-out,348.273,2.626,67.84919,67.84919
zoom-out,348.994,0.721,67.86743,67.86743
zoom-out,349.500,0.506,67.88016,67.88015
zoom-out,350.233,0.733,67.89844,67.89844
zoom-out,351.120,0.887,67.92034,67.92034
zoom-out,351.600,0.480,67.93211,67.93211
zoom-out,352.125,0.526,67.94492,67.94492
zoom-out,352.704,0.579,67.95894,67.95894
zoom-out,353.269,0.565,67.97251,67.97251
zoom-out,353.701,0.433,67.98286,67.98286
zoom-out,354.161,0.460,67.99380,67.99380
zoom-out,354.668,0.507,68.00580,68.00580
zoom-out,355.657,0.989,68.02899,68.02899
zoom-out,356.100,0.443,68.03929,68.03929
zoom-out,356.562,0.462,68.04997,68.04997
zoom-out,357.005,0.443,68.06016,68.06016
zoom-out,357.667,0.662,68.07530,68.07530
zoom-out,358.244,0.577,68.08840,68.08840
zoom-out,358.900,0.656,68.10318,68.10318
zoom-out,359.357,0.457,68.11342,68.11341
zoom-out,359.890,0.533,68.12527,68.12527
zoom-out,360.370,0.480,68.13589,68.13590
zoom-out,360.781,0.412,68.14496,68.14496
zoom-out,361.316,0.535,68.15668,68.15668
zoom-out,361.743,0.427,68.16597,68.16597
zoom-out,362.171,0.427,68.17522,68.17523
zoom-out,362.580,0.409,68.18405,68.18405
zoom-out,363.000,0.420,68.19306,68.19306
zoom-out,364.273,1.274,68.22012,68.22012
zoom-out,364.738,0.464,68.22988,68.22988
zoom-out,365.141,0.403,68.23830,68.23831
zoom-out,366.811,1.671,68.27284,68.27284
zoom-out,367.757,0.945,68.29208,68.29208
zoom-out,368.298,0.542,68.30301,68.30301
zoom-out,368.772,0.474,68.31252,68.31252
zoom-out,369.235,0.463,68.32175,68.32175
zoom-out,369.701,0.466,68.33099,68.33100
zoom-out,370.173,0.472,68.34031,68.34031
zoom-out,370.616,0.443,68.34900,68.34900
zoom-out,371.130,0.514,68.35903,68.35903
zoom-out,372.846,1.716,68.39210,68.39209
zoom-out,374.074,1.228,68.41535,68.41535
zoom-out,374.908,0.834,68.43095,68.43095
zoom-out,375.418,0.510,68.44041,68.44042
zoom-out,375.892,0.474,68.44917,68.44917
zoom-out,376.392,0.500,68.45834,68.45833
zoom-out,377.020,0.628,68.46979,68.46979
zoom-out,377.509,0.489,68.47864,68.47864
zoom-out,378.050,0.541,68.48837,68.48837
zoom-out,378.520,0.470,68.49679,68.49679
zoom-out,378.990,0.470,68.50516,68.50516
zoom-out,381.401,2.411,68.54734,68.54734
zoom-out,382.155,0.754,68.56028,68.56028
zoom-out,382.843,0.688,68.57200,68.57200
zoom-out,383.292,0.449,68.57960,68.57960
zoom-out,383.740,0.448,68.58713,68.58713
zoom-out,384.162,0.422,68.59419,68.59419
zoom-out,385.879,1.717,68.62257,68.62257
zoom-out,386.363,0.485,68.63049,68.63049
zoom-out,386.867,0.504,68.63866,68.63866
zoom-out,387.325,0.458,68.64605,68.64605
zoom-out,387.773,0.448,68.65323,68.65323
zoom-out,388.993,1.220,68.67262,68.67262
zoom-out,389.599,0.606,68.68215,68.68215
zoom-out,390.192,0.593,68.69141,68.69141
zoom-out,390.699,0.507,68.69927,68.69927
zoom-out,391.335,0.636,68.70907,68.70907
zoom-out,391.879,0.543,68.71738,68.71738
zoom-out,392.361,0.483,68.72472,68.72472
zoom-out,392.830,0.469,68.73180,68.73181
zoom-out,393.299,0.469,68.73885,68.73886
zoom-out,393.774,0.476,68.74596,68.74597
zoom-out,394.248,0.474,68.75301,68.75301
zoom-out,394.708,0.460,68.75982,68.75982
zoom-out,395.330,0.621,68.76896,68.76895
zoom-out,395.946,0.617,68.77795,68.77795
zoom-out,398.331,2.384,68.81213,68.81213
zoom-out,398.979,0.649,68.82126,68.82126
zoom-out,399.493,0.513,68.82843,68.82843
zoom-out,399.986,0.493,68.83529,68.83529
zoom-out,400.905,0.920,68.84797,68.84797
zoom-out,401.369,0.464,68.85431,68.85431
zoom-out,401.812,0.443,68.86034,68.86033
zoom-out,402.253,0.441,68.86629,68.86630
zoom-out,402.691,0.438,68.87219,68.87219
zoom-out,403.106,0.415,68.87775,68.87774
zoom-out,403.492,0.386,68.88289,68.88289
zoom-out,405.301,1.810,68.90670,68.90670
zoom-out,405.847,0.545,68.91377,68.91377
zoom-out,406.293,0.446,68.91953,68.91953
zoom-out,408.641,2.348,68.94933,68.94932
zoom-out,409.210,0.569,68.95642,68.95642
zoom-out,409.705,0.495,68.96255,68.96255
zoom-out,410.140,0.436,68.96792,68.96792
zoom-out,410.549,0.408,68.97293,68.97293
zoom-out,410.958,0.410,68.97792,68.97792
zoom-out,411.361,0.402,68.98281,68.98281
zoom-out,411.762,0.402,68.98766,68.98767
zoom-out,412.151,0.389,68.99234,68.99234
zoom-out,412.842,0.691,69.00061,69.00061
zoom-out,414.554,1.712,69.02078,69.02078
zoom-out,415.138,0.584,69.02757,69.02757
zoom-out,415.861,0.723,69.03592,69.03592
zoom-out,416.298,0.437,69.04092,69.04092
zoom-out,416.738,0.440,69.04594,69.04594
zoom-out,417.166,0.428,69.05079,69.05079
zoom-out,417.572,0.407,69.05537,69.05538
zoom-out,418.008,0.436,69.06028,69.06028
zoom-out,418.468,0.460,69.06541,69.06541
zoom-out,418.929,0.461,69.07053,69.07054
zoom-out,419.368,0.439,69.07539,69.07539
zoom-out,419.816,0.448,69.08031,69.08031
zoom-out,424.036,4.220,69.12543,69.12543
zoom-out,424.681,0.645,69.13213,69.13214
zoom-out,425.168,0.487,69.13716,69.13716
zoom-out,425.605,0.438,69.14165,69.14165
zoom-out,427.593,1.988,69.16177,69.16177
zoom-out,428.161,0.568,69.16742,69.16742
zoom-out,428.641,0.480,69.17218,69.17218
zoom-out,429.289,0.648,69.17854,69.17855
zoom-out,431.279,1.990,69.19782,69.19782
zoom-out,431.928,0.649,69.20401,69.20401
zoom-out,432.579,0.651,69.21017,69.21017
zoom-out,433.031,0.452,69.21442,69.21442
zoom-out,433.449,0.418,69.21833,69.21833
zoom-out,433.861,0.412,69.22215,69.22216
zoom-out,434.282,0.422,69.22606,69.22606
zoom-out,434.716,0.433,69.23005,69.23005
zoom-out,435.134,0.418,69.23389,69.23389
zoom-out,435.533,0.399,69.23753,69.23753
zoom-out,435.934,0.401,69.24117,69.24117
zoom-out,436.335,0.400,69.24479,69.24479
zoom-out,436.828,0.494,69.24922,69.24922
zoom-out,437.267,0.439,69.25314,69.25315
zoom-out,437.705,0.438,69.25704,69.25704
zoom-out,439.029,1.324,69.26868,69.26869
zoom-out,439.506,0.477,69.27284,69.27284
zoom-out,439.946,0.440,69.27665,69.27665
zoom-out,440.380,0.434,69.28039,69.28039
zoom-out,440.834,0.455,69.28428,69.28428
zoom-out,441.296,0.462,69.28822,69.28822
zoom-out,441.806,0.510,69.29254,69.29254
zoom-out,442.234,0.427,69.29613,69.29614
zoom-out,442.645,0.412,69.29959,69.29959
zoom-out,443.159,0.514,69.30387,69.30387
zoom-out,443.610,0.451,69.30761,69.30761
zoom-out,444.035,0.425,69.31112,69.31111
zoom-out,444.559,0.524,69.31541,69.31541
zoom-out,445.004,0.445,69.31904,69.31904
zoom-out,445.438,0.434,69.32256,69.32256
zoom-out,445.863,0.425,69.32599,69.32599
zoom-out,448.390,2.528,69.34603,69.34603
zoom-out,448.836,0.446,69.34950,69.34950
zoom-out,449.430,0.594,69.35410,69.35410
zoom-out,449.913,0.483,69.35782,69.35781
zoom-out,450.829,0.917,69.36481,69.36481
zoom-out,451.279,0.449,69.36821,69.36821
zoom-out,451.750,0.471,69.37175,69.37175
zoom-out,452.311,0.562,69.37595,69.37595
zoom-out,452.771,0.460,69.37937,69.37937
zoom-out,453.199,0.428,69.38254,69.38254
zoom-out,453.618,0.418,69.38562,69.38562
zoom-out,454.024,0.407,69.38859,69.38859
zoom-out,454.453,0.429,69.39172,69.39172
zoom-out,455.742,1.289,69.40102,69.40101
zoom-out,456.216,0.474,69.40440,69.40440
zoom-out,456.642,0.426,69.40742,69.40742
zoom-out,457.797,1.156,69.41554,69.41555
zoom-out,458.239,0.441,69.41862,69.41862
zoom-out,458.751,0.512,69.42216,69.42217
zoom-out,459.289,0.538,69.42587,69.42587
zoom-out,459.810,0.521,69.42944,69.42943
zoom-out,460.508,0.698,69.43417,69.43417
zoom-out,460.951,0.443,69.43716,69.43716
zoom-out,461.368,0.417,69.43996,69.43996
zoom-out,461.900,0.532,69.44351,69.44351
zoom-out,462.338,0.438,69.44642,69.44642
zoom-out,462.764,0.426,69.44923,69.44923
zoom-out,464.458,1.694,69.46027,69.46027
zoom-out,464.900,0.442,69.46311,69.46311
zoom-out,465.310,0.410,69.46574,69.46574
zoom-out,465.848,0.537,69.46916,69.46916
zoom-out,467.862,2.015,69.48180,69.48179
zoom-out,468.406,0.543,69.48515,69.48515
zoom-out,468.858,0.453,69.48792,69.48793
zoom-out,469.290,0.432,69.49056,69.49056
zoom-out,469.728,0.438,69.49322,69.49322
zoom-out,470.155,0.427,69.49580,69.49580
zoom-out,470.566,0.411,69.49828,69.49827
zoom-out,470.985,0.420,69.50079,69.50078
zoom-out,471.417,0.432,69.50336,69.50335
zoom-out,472.665,1.248,69.51071,69.51071
zoom-out,473.111,0.446,69.51331,69.51331
zoom-out,473.928,0.817,69.51804,69.51804
zoom-out,474.574,0.647,69.52176,69.52176
zoom-out,475.085,0.511,69.52467,69.52467
zoom-out,475.551,0.466,69.52731,69.52731
zoom-out,476.256,0.705,69.53128,69.53128
zoom-out,476.724,0.469,69.53390,69.53390
zoom-out,477.149,0.425,69.53625,69.53626
zoom-out,477.575,0.426,69.53861,69.53862
zoom-out,477.982,0.407,69.54086,69.54086
zoom-out,478.389,0.407,69.54308,69.54309
zoom-out,478.804,0.416,69.54535,69.54535
zoom-out,479.223,0.419,69.54762,69.54762
zoom-out,479.642,0.419,69.54989,69.54988
zoom-out,480.084,0.442,69.55225,69.55226
zoom-out,480.551,0.467,69.55475,69.55475
zoom-out,481.916,1.365,69.56196,69.56196
zoom-out,482.481,0.566,69.56491,69.56491
zoom-out,482.966,0.485,69.56743,69.56743
zoom-out,483.493,0.527,69.57014,69.57015
zoom-out,483.983,0.490,69.57266,69.57266
zoom-out,484.440,0.456,69.57499,69.57499
zoom-out,484.856,0.417,69.57710,69.57710
zoom-out,485.267,0.410,69.57917,69.57917
zoom-out,485.663,0.397,69.58116,69.58117
zoom-out,486.054,0.391,69.58311,69.58312
zoom-out,487.700,1.646,69.59125,69.59125
zoom-out,488.455,0.756,69.59492,69.59492
zoom-out,489.993,1.538,69.60231,69.60231
zoom-out,490.684,0.691,69.60558,69.60559
zoom-out,491.222,0.537,69.60812,69.60812
zoom-out,491.764,0.542,69.61065,69.61065
zoom-out,492.259,0.495,69.61295,69.61295
zoom-out,492.781,0.522,69.61536,69.61536
zoom-out,493.327,0.547,69.61787,69.61787
zoom-out,493.813,0.485,69.62008,69.62008
zoom-out,494.284,0.471,69.62222,69.62221
zoom-out,494.793,0.509,69.62450,69.62451
zoom-out,495.275,0.483,69.62667,69.62667
zoom-out,495.732,0.457,69.62871,69.62871
zoom-out,496.190,0.458,69.63073,69.63073
zoom-out,497.628,1.438,69.63704,69.63704
zoom-out,498.135,0.507,69.63924,69.63923
zoom-out,498.610,0.475,69.64128,69.64128
zoom-out,499.173,0.563,69.64368,69.64369
zoom-out,499.831,0.658,69.64648,69.64648
zoom-out,500.761,0.930,69.65040,69.65039
zoom-out,501.262,0.502,69.65249,69.65249
zoom-out,501.849,0.586,69.65492,69.65492
zoom-out,502.380,0.532,69.65710,69.65711
zoom-out,502.906,0.526,69.65926,69.65926
zoom-out,503.434,0.528,69.66141,69.66141
zoom-out,503.892,0.458,69.66325,69.66326
zoom-out,504.349,0.457,69.66509,69.66509
zoom-out,506.000,1.651,69.67165,69.67165
zoom-out,506.482,0.482,69.67354,69.67354
zoom-out,506.904,0.422,69.67519,69.67518
zoom-out,507.923,1.018,69.67912,69.67912
zoom-out,508.532,0.609,69.68145,69.68145
zoom-out,509.020,0.489,69.68331,69.68331
zoom-out,509.635,0.615,69.68563,69.68563
zoom-out,510.605,0.969,69.68926,69.68926
zoom-out,511.796,1.191,69.69366,69.69366
zoom-out,512.302,0.506,69.69551,69.69551
zoom-out,512.740,0.438,69.69711,69.69710
zoom-out,513.236,0.496,69.69890,69.69890
zoom-out,513.722,0.486,69.70065,69.70065
zoom-out,515.190,1.468,69.70586,69.70586
zoom-out,515.682,0.492,69.70759,69.70759
zoom-out,516.233,0.551,69.70951,69.70951
zoom-out,516.691,0.459,69.71110,69.71110
zoom-out,517.174,0.483,69.71277,69.71277
zoom-out,517.625,0.451,69.71431,69.71431
zoom-out,518.052,0.427,69.71577,69.71577
zoom-out,518.458,0.406,69.71715,69.71715
zoom-out,518.855,0.397,69.71849,69.71849
zoom-out,519.253,0.398,69.71983,69.71983
zoom-out,519.656,0.403,69.72118,69.72118
zoom-out,520.061,0.406,69.72253,69.72253
zoom-out,520.456,0.395,69.72384,69.72384
zoom-out,520.864,0.408,69.72519,69.72519
zoom-out,521.281,0.417,69.72655,69.72655
zoom-out,522.312,1.031,69.72991,69.72991
zoom-out,522.829,0.517,69.73158,69.73158
zoom-out,523.287,0.459,69.73305,69.73305
zoom-out,523.790,0.502,69.73465,69.73465
zoom-out,524.832,1.042,69.73794,69.73794
zoom-out,525.306,0.474,69.73942,69.73942
zoom-out,525.732,0.427,69.74075,69.74075
zoom-out,527.882,2.149,69.74734,69.74734
zoom-out,528.438,0.557,69.74902,69.74902
zoom-out,528.900,0.462,69.75040,69.75040
zoom-out,529.334,0.434,69.75169,69.75170
zoom-out,529.756,0.423,69.75294,69.75295
zoom-out,530.179,0.423,69.75420,69.75420
zoom-out,531.947,1.768,69.75935,69.75935
zoom-out,532.538,0.591,69.76105,69.76105
zoom-out,532.988,0.450,69.76233,69.76233
zoom-out,533.409,0.421,69.76353,69.76353
zoom-out,533.814,0.405,69.76467,69.76467
zoom-out,534.228,0.415,69.76584,69.76584
zoom-out,534.746,0.518,69.76729,69.76728
zoom-out,535.215,0.469,69.76859,69.76859
zoom-out,535.649,0.434,69.76979,69.76979
zoom-out,536.058,0.409,69.77091,69.77091
zoom-out,536.601,0.542,69.77240,69.77240
zoom-out,537.063,0.463,69.77366,69.77366
zoom-out,537.504,0.441,69.77485,69.77485
zoom-out,537.994,0.490,69.77617,69.77617
zoom-out,538.693,0.699,69.77803,69.77803
zoom-out,539.116,0.423,69.77915,69.77915
zoom-out,539.548,0.432,69.78030,69.78029
zoom-out,540.037,0.489,69.78158,69.78158
zoom-out,540.482,0.445,69.78274,69.78274
zoom-out,541.528,1.046,69.78545,69.78545
zoom-out,542.175,0.646,69.78710,69.78710
zoom-out,542.630,0.455,69.78826,69.78826
zoom-out,543.051,0.421,69.78933,69.78933
zoom-out,543.475,0.424,69.79039,69.79039
zoom-out,543.889,0.415,69.79143,69.79143
zoom-out,544.286,0.397,69.79242,69.79242
zoom-out,544.680,0.394,69.79340,69.79340
zoom-out,545.076,0.396,69.79437,69.79438
zoom-out,546.782,1.706,69.79854,69.79854
zoom-out,547.500,0.718,69.80026,69.80026
zoom-out,548.038,0.538,69.80154,69.80155
zoom-out,548.557,0.519,69.80277,69.80278
zoom-out,549.090,0.533,69.80403,69.80403
zoom-out,550.997,1.907,69.80846,69.80846
zoom-out,551.881,0.884,69.81048,69.81048
zoom-out,552.331,0.449,69.81149,69.81150
zoom-out,552.758,0.428,69.81246,69.81246
zoom-out,553.175,0.417,69.81339,69.81339
zoom-out,553.599,0.424,69.81434,69.81434
zoom-out,554.240,0.641,69.81576,69.81576
zoom-out,554.748,0.509,69.81688,69.81688
zoom-out,555.365,0.617,69.81823,69.81823
zoom-out,555.793,0.428,69.81916,69.81916
zoom-out,556.203,0.410,69.82005,69.82004
zoom-out,556.643,0.440,69.82099,69.82099
zoom-out,557.111,0.467,69.82199,69.82199
zoom-out,557.708,0.598,69.82326,69.82326
zoom-out,558.157,0.449,69.82421,69.82421
zoom-out,558.583,0.426,69.82510,69.82510
zoom-out,558.999,0.416,69.82597,69.82597
zoom-out,559.408,0.409,69.82682,69.82682
zoom-out,559.838,0.431,69.82771,69.82772
zoom-out,560.267,0.429,69.82860,69.82860
zoom-out,560.711,0.444,69.82951,69.82951
zoom-out,561.129,0.418,69.83036,69.83036
zoom-out,561.541,0.412,69.83120,69.83120
zoom-out,561.948,0.406,69.83202,69.83202
zoom-out,562.337,0.389,69.83280,69.83280
zoom-out,562.745,0.408,69.83362,69.83361
zoom-out,563.942,1.197,69.83598,69.83599
zoom-out,564.358,0.416,69.83680,69.83680
zoom-out,564.744,0.386,69.83755,69.83755
zoom-out,566.007,1.263,69.84000,69.83999
zoom-out,567.028,1.022,69.84194,69.84194
zoom-out,567.614,0.586,69.84305,69.84305
zoom-out,568.078,0.464,69.84392,69.84392
zoom-out,568.510,0.431,69.84473,69.84472
zoom-out,568.946,0.436,69.84554,69.84553
zoom-out,569.369,0.423,69.84631,69.84631
zoom-out,569.827,0.458,69.84715,69.84716
zoom-out,570.370,0.544,69.84814,69.84815
zoom-out,570.862,0.492,69.84904,69.84904
zoom-out,571.508,0.646,69.85020,69.85021
zoom-out,573.131,1.623,69.85310,69.85309
zoom-out,574.222,1.091,69.85500,69.85500
zoom-out,574.685,0.464,69.85580,69.85580
zoom-out,575.117,0.432,69.85654,69.85655
zoom-out,575.545,0.428,69.85728,69.85728
zoom-out,575.964,0.419,69.85799,69.85800
zoom-out,576.485,0.520,69.85888,69.85888
zoom-out,576.987,0.503,69.85973,69.85973
zoom-out,577.436,0.449,69.86048,69.86048
zoom-out,577.907,0.471,69.86127,69.86127
zoom-out,578.348,0.441,69.86200,69.86200
zoom-out,578.762,0.414,69.86268,69.86268
zoom-out,579.166,0.404,69.86334,69.86334
zoom-out,579.568,0.403,69.86401,69.86400
zoom-out,580.963,1.395,69.86626,69.86626
zoom-out,581.417,0.454,69.86698,69.86698
zoom-out,581.837,0.419,69.86765,69.86765
zoom-out,582.241,0.404,69.86829,69.86829
zoom-out,582.637,0.396,69.86891,69.86891
zoom-out,583.063,0.426,69.86958,69.86958
zoom-out,583.481,0.418,69.87023,69.87023
zoom-out,583.996,0.515,69.87103,69.87103
zoom-out,584.543,0.547,69.87188,69.87187
zoom-out,586.298,1.755,69.87454,69.87454
zoom-out,586.713,0.415,69.87517,69.87517
zoom-out,587.127,0.414,69.87579,69.87578
zoom-out,587.536,0.409,69.87639,69.87639
zoom-out,587.938,0.402,69.87698,69.87699
zoom-out,589.177,1.239,69.87880,69.87880
zoom-out,590.121,0.943,69.88017,69.88016
zoom-out,590.665,0.545,69.88094,69.88094
zoom-out,591.376,0.711,69.88195,69.88195
zoom-out,591.895,0.519,69.88269,69.88269
zoom-out,592.341,0.446,69.88332,69.88331
zoom-out,592.758,0.418,69.88390,69.88389
zoom-out,593.179,0.421,69.88448,69.88448
zoom-out,593.588,0.409,69.88504,69.88504
zoom-out,593.990,0.402,69.88560,69.88560
zoom-out,594.427,0.437,69.88619,69.88619
zoom-out,594.920,0.493,69.88686,69.88686
zoom-out,595.357,0.437,69.88746,69.88746
zoom-out,595.779,0.423,69.88802,69.88802
zoom-out,597.659,1.880,69.89052,69.89052
zoom-out,598.223,0.564,69.89126,69.89126
zoom-out,598.676,0.452,69.89185,69.89185
zoom-out,599.108,0.432,69.89240,69.89241
zoom-out,599.611,0.503,69.89305,69.89305
zoom-out,600.015,0.405,69.89357,69.89357
zoom-out,600.848,0.832,69.89463,69.89463
zoom-out,601.275,0.428,69.89516,69.89517
zoom-out,601.838,0.563,69.89587,69.89587
zoom-out,602.279,0.441,69.89642,69.89642
zoom-out,606.252,3.972,69.90124,69.90124
zoom-out,607.335,1.084,69.90251,69.90251
zoom-out,607.922,0.586,69.90320,69.90320
zoom-out,609.009,1.087,69.90445,69.90445
zoom-out,609.497,0.488,69.90501,69.90501
zoom-out,609.949,0.452,69.90553,69.90552
zoom-out,610.379,0.430,69.90601,69.90601
zoom-out,610.810,0.431,69.90649,69.90649
zoom-out,611.224,0.414,69.90696,69.90696
zoom-out,611.638,0.414,69.90742,69.90742
zoom-out,612.061,0.423,69.90788,69.90788
zoom-out,612.483,0.422,69.90835,69.90835
zoom-out,612.949,0.466,69.90886,69.90886
zoom-out,615.029,2.080,69.91110,69.91111
zoom-out,615.526,0.497,69.91164,69.91163
zoom-out,616.013,0.488,69.91215,69.91215
zoom-out,616.477,0.464,69.91264,69.91264
zoom-out,616.909,0.432,69.91309,69.91309
zoom-out,617.325,0.416,69.91352,69.91352
zoom-out,617.733,0.408,69.91394,69.91394
zoom-out,618.128,0.395,69.91434,69.91435
zoom-out,618.522,0.395,69.91475,69.91475
zoom-out,618.961,0.439,69.91520,69.91520
zoom-out,619.370,0.408,69.91561,69.91561
zoom-out,619.770,0.400,69.91602,69.91602
zoom-out,620.171,0.401,69.91642,69.91642
zoom-out,620.630,0.459,69.91688,69.91688
zoom-out,621.085,0.456,69.91734,69.91733
zoom-out,621.905,0.819,69.91814,69.91814
zoom-out,622.365,0.460,69.91859,69.91859
zoom-out,622.788,0.423,69.91901,69.91900
zoom-out,623.367,0.579,69.91956,69.91956
zoom-out,623.857,0.490,69.92004,69.92004
zoom-out,624.291,0.434,69.92045,69.92045
zoom-out,626.635,2.344,69.92266,69.92266
zoom-out,627.232,0.597,69.92321,69.92321
zoom-out,627.696,0.464,69.92364,69.92363
zoom-out,628.421,0.725,69.92430,69.92430
zoom-out,629.006,0.585,69.92482,69.92482
zoom-out,629.821,0.815,69.92556,69.92556
zoom-out,631.306,1.484,69.92686,69.92687
zoom-out,631.946,0.641,69.92743,69.92743
zoom-out,632.833,0.887,69.92820,69.92820
zoom-out,633.288,0.455,69.92859,69.92859
zoom-out,633.703,0.415,69.92894,69.92894
zoom-out,634.113,0.410,69.92929,69.92929
zoom-out,634.583,0.470,69.92969,69.92969
zoom-out,634.989,0.406,69.93003,69.93003
zoom-out,635.400,0.411,69.93037,69.93037
zoom-out,635.802,0.402,69.93071,69.93071
zoom-out,636.202,0.400,69.93104,69.93104
zoom-out,636.708,0.507,69.93146,69.93146
zoom-out,637.349,0.641,69.93198,69.93198
zoom-out,638.213,0.863,69.93269,69.93268
zoom-out,639.061,0.848,69.93336,69.93336
zoom-out,639.691,0.630,69.93386,69.93387
zoom-out,640.343,0.653,69.93438,69.93438
zoom-out,640.806,0.463,69.93475,69.93475
zoom-out,641.236,0.430,69.93508,69.93508
zoom-out,641.655,0.420,69.93541,69.93541
zoom-out,642.067,0.412,69.93572,69.93573
zoom-out,642.467,0.400,69.93604,69.93603
zoom-out,642.861,0.394,69.93633,69.93633
zoom-out,643.277,0.416,69.93665,69.93665
zoom-out,643.677,0.401,69.93696,69.93695
zoom-out,644.064,0.387,69.93725,69.93725
zoom-out,646.051,1.986,69.93873,69.93872
zoom-out,646.894,0.844,69.93935,69.93934
zoom-out,647.420,0.526,69.93972,69.93972
zoom-out,647.915,0.494,69.94008,69.94008
zoom-out,650.409,2.494,69.94185,69.94184
zoom-out,650.987,0.578,69.94225,69.94225
zoom-out,651.888,0.901,69.94287,69.94287
zoom-out,652.371,0.483,69.94320,69.94320
zoom-out,652.809,0.439,69.94350,69.94350
zoom-out,653.231,0.422,69.94378,69.94378
zoom-out,653.662,0.431,69.94407,69.94407
zoom-out,654.104,0.442,69.94437,69.94437
zoom-out,654.941,0.837,69.94492,69.94492
zoom-out,655.401,0.461,69.94523,69.94523
zoom-out,655.837,0.436,69.94551,69.94551
zoom-out,656.271,0.434,69.94579,69.94579
zoom-out,656.940,0.669,69.94623,69.94623
zoom-out,657.492,0.552,69.94658,69.94658
zoom-out,658.004,0.512,69.94691,69.94691
zoom-out,658.439,0.435,69.94719,69.94719
zoom-out,658.852,0.413,69.94745,69.94745
zoom-out,659.259,0.407,69.94770,69.94770
zoom-out,659.680,0.421,69.94797,69.94797
zoom-out,660.134,0.454,69.94825,69.94825
zoom-out,660.539,0.404,69.94849,69.94850
zoom-out,661.020,0.482,69.94880,69.94880
zoom-out,661.596,0.576,69.94915,69.94915
zoom-out,662.068,0.472,69.94943,69.94944
zoom-out,662.515,0.447,69.94971,69.94971
zoom-out,664.153,1.638,69.95068,69.95068
zoom-out,665.213,1.060,69.95131,69.95131
zoom-out,665.783,0.570,69.95164,69.95164
zoom-out,666.305,0.522,69.95194,69.95194
zoom-out,666.837,0.533,69.95225,69.95225
zoom-out,667.282,0.445,69.95250,69.95250
zoom-out,667.711,0.429,69.95274,69.95274
zoom-out,668.130,0.420,69.95298,69.95298
zoom-out,668.570,0.440,69.95323,69.95323
zoom-out,669.019,0.449,69.95348,69.95348
zoom-out,669.476,0.457,69.95374,69.95373
zoom-out,669.935,0.459,69.95399,69.95399
zoom-out,670.383,0.449,69.95423,69.95424
zoom-out,670.811,0.428,69.95447,69.95447
zoom-out,671.225,0.414,69.95470,69.95470
zoom-out,672.471,1.246,69.95537,69.95537
zoom-out,672.961,0.490,69.95563,69.95563
zoom-out,673.601,0.640,69.95597,69.95597
zoom-out,674.454,0.853,69.95641,69.95642
zoom-out,675.417,0.963,69.95692,69.95692
zoom-out,675.870,0.453,69.95715,69.95715
zoom-out,676.288,0.418,69.95736,69.95737
zoom-out,676.889,0.601,69.95767,69.95767
zoom-out,677.448,0.559,69.95795,69.95795
zoom-out,678.140,0.691,69.95831,69.95830
zoom-out,678.616,0.477,69.95854,69.95854
zoom-out,679.070,0.454,69.95876,69.95876
zoom-out,679.490,0.420,69.95898,69.95897
zoom-out,681.419,1.929,69.95992,69.95991
zoom-out,682.040,0.621,69.96021,69.96021
zoom-out,682.514,0.474,69.96043,69.96043
zoom-out,684.509,1.994,69.96136,69.96137
zoom-out,685.063,0.554,69.96162,69.96162
zoom-out,685.758,0.696,69.96194,69.96194
zoom-out,686.219,0.461,69.96215,69.96215
zoom-out,686.658,0.439,69.96236,69.96235
zoom-out,687.079,0.420,69.96254,69.96254
zoom-out,687.603,0.525,69.96278,69.96278
zoom-out,688.061,0.458,69.96298,69.96298
zoom-out,689.019,0.957,69.96340,69.96340
zoom-out,689.440,0.422,69.96358,69.96359
zoom-out,689.847,0.407,69.96377,69.96377
zoom-out,690.253,0.405,69.96394,69.96394
zoom-out,690.675,0.422,69.96412,69.96412
zoom-out,691.205,0.530,69.96436,69.96435
zoom-out,691.951,0.746,69.96467,69.96467
zoom-out,692.427,0.476,69.96487,69.96487
zoom-out,692.868,0.442,69.96506,69.96506
zoom-out,693.489,0.621,69.96532,69.96531
zoom-out,694.047,0.558,69.96555,69.96555
zoom-out,694.748,0.701,69.96584,69.96583
zoom-out,695.467,0.719,69.96613,69.96613
zoom-out,695.913,0.446,69.96631,69.96631
zoom-out,696.344,0.431,69.96648,69.96648
zoom-out,697.895,1.550,69.96710,69.96710
zoom-out,698.381,0.487,69.96729,69.96729
zoom-out,698.887,0.505,69.96749,69.96749
zoom-out,699.302,0.416,69.96765,69.96765
zoom-out,699.846,0.544,69.96786,69.96786
zoom-out,700.255,0.409,69.96802,69.96802
zoom-out,700.658,0.403,69.96817,69.96817
zoom-out,701.067,0.409,69.96833,69.96833
zoom-out,701.883,0.816,69.96864,69.96864
zoom-out,702.284,0.401,69.96879,69.96879
zoom-out,703.825,1.541,69.96936,69.96936
zoom-out,704.356,0.531,69.96955,69.96955
zoom-out,704.814,0.458,69.96972,69.96972
zoom-out,706.166,1.352,69.97021,69.97021
zoom-out,706.666,0.500,69.97038,69.97039
zoom-out,707.116,0.450,69.97055,69.97055
zoom-out,707.848,0.732,69.97080,69.97080
zoom-out,708.548,0.701,69.97105,69.97105
zoom-out,709.065,0.517,69.97123,69.97123
zoom-out,709.558,0.493,69.97140,69.97140
zoom-out,710.460,0.902,69.97170,69.97170
zoom-out,711.168,0.708,69.97195,69.97194
zoom-out,711.970,0.802,69.97221,69.97221
zoom-out,712.426,0.456,69.97237,69.97236
zoom-out,712.873,0.447,69.97251,69.97251
zoom-out,714.356,1.483,69.97300,69.97300
zoom-out,714.861,0.505,69.97316,69.97316
zoom-out,715.340,0.479,69.97331,69.97331
zoom-out,715.794,0.454,69.97346,69.97346
zoom-out,716.220,0.426,69.97359,69.97359
zoom-out,716.633,0.413,69.97372,69.97372
zoom-out,717.047,0.414,69.97385,69.97385
zoom-out,717.543,0.496,69.97401,69.97401
zoom-out,717.985,0.442,69.97415,69.97415
zoom-out,718.413,0.428,69.97428,69.97428
zoom-out,718.899,0.486,69.97443,69.97443
zoom-out,719.393,0.494,69.97458,69.97458
zoom-out,719.825,0.432,69.97471,69.97471
zoom-out,720.261,0.436,69.97485,69.97484
zoom-out,720.719,0.458,69.97498,69.97498
zoom-out,721.142,0.423,69.97511,69.97511
zoom-out,722.025,0.883,69.97537,69.97537
zoom-out,722.477,0.452,69.97550,69.97550
zoom-out,722.893,0.416,69.97562,69.97563
zoom-out,724.324,1.431,69.97604,69.97604
zoom-out,725.237,0.913,69.97630,69.97630
zoom-out,725.823,0.586,69.97647,69.97647
zoom-out,726.331,0.507,69.97661,69.97661
zoom-out,726.799,0.468,69.97674,69.97674
zoom-out,727.613,0.815,69.97697,69.97697
zoom-out,728.132,0.518,69.97711,69.97711
zoom-out,728.624,0.492,69.97724,69.97724
zoom-out,729.414,0.790,69.97746,69.97746
zoom-out,729.905,0.491,69.97759,69.97759
zoom-out,732.364,2.460,69.97825,69.97824
zoom-out,733.036,0.671,69.97842,69.97842
zoom-out,733.521,0.486,69.97854,69.97854
zoom-out,733.954,0.433,69.97865,69.97865
zoom-out,734.483,0.529,69.97879,69.97879
zoom-out,735.041,0.558,69.97893,69.97893
zoom-out,735.510,0.469,69.97905,69.97905
zoom-out,735.961,0.451,69.97916,69.97916
zoom-out,736.393,0.432,69.97927,69.97927
zoom-out,736.943,0.549,69.97941,69.97941
zoom-out,737.390,0.447,69.97952,69.97952
zoom-out,737.816,0.426,69.97962,69.97962
zoom-out,738.692,0.877,69.97984,69.97983
zoom-out,739.157,0.465,69.97995,69.97995
zoom-out,739.589,0.432,69.98005,69.98005
zoom-out,740.002,0.413,69.98015,69.98015
zoom-out,740.435,0.434,69.98026,69.98025
zoom-out,741.531,1.096,69.98051,69.98051
zoom-out,742.056,0.525,69.98063,69.98063
zoom-out,742.487,0.430,69.98074,69.98073
zoom-out,744.665,2.179,69.98123,69.98123
zoom-out,745.294,0.629,69.98137,69.98137
zoom-out,745.750,0.456,69.98147,69.98147
zoom-out,748.459,2.708,69.98206,69.98206
zoom-out,749.064,0.605,69.98219,69.98219
zoom-out,749.529,0.465,69.98229,69.98229
zoom-out,750.025,0.496,69.98240,69.98240
zoom-out,750.475,0.450,69.98249,69.98249
zoom-out,750.893,0.418,69.98258,69.98258
zoom-out,751.765,0.872,69.98276,69.98276
zoom-out,752.257,0.492,69.98286,69.98286
zoom-out,752.686,0.430,69.98295,69.98295
zoom-out,753.107,0.420,69.98303,69.98304
zoom-out,753.520,0.413,69.98312,69.98312
zoom-out,753.985,0.465,69.98322,69.98321
zoom-out,754.434,0.448,69.98331,69.98330
zoom-out,755.298,0.865,69.98347,69.98348
zoom-out,755.745,0.447,69.98357,69.98357
zoom-out,756.171,0.426,69.98365,69.98365
zoom-out,756.677,0.507,69.98375,69.98375
zoom-out,757.133,0.456,69.98383,69.98384
zoom-out,757.755,0.622,69.98396,69.98396
zoom-out,758.184,0.429,69.98404,69.98404
zoom-out,758.601,0.417,69.98412,69.98412
zoom-out,759.066,0.464,69.98421,69.98421
zoom-out,759.490,0.425,69.98428,69.98429
zoom-out,759.986,0.496,69.98438,69.98438
zoom-out,760.411,0.425,69.98446,69.98446
zoom-out,760.856,0.445,69.98454,69.98454
zoom-out,761.273,0.417,69.98462,69.98462
zoom-out,761.684,0.411,69.98470,69.98470
zoom-out,762.222,0.538,69.98479,69.98479
zoom-out,764.079,1.857,69.98513,69.98513
zoom-out,764.682,0.603,69.98524,69.98524
zoom-out,765.200,0.518,69.98533,69.98533
zoom-out,765.678,0.478,69.98541,69.98541
zoom-out,767.453,1.775,69.98572,69.98572
zoom-out,767.906,0.453,69.98579,69.98580
zoom-out,768.323,0.417,69.98587,69.98587
zoom-out,768.783,0.459,69.98595,69.98595
zoom-out,769.253,0.470,69.98602,69.98602
zoom-out,769.722,0.469,69.98610,69.98610
zoom-out,770.180,0.458,69.98618,69.98618
zoom-out,770.617,0.437,69.98625,69.98625
zoom-out,771.133,0.517,69.98634,69.98634
zoom-out,772.619,1.486,69.98658,69.98658
zoom-out,773.281,0.662,69.98668,69.98668
zoom-out,774.064,0.783,69.98681,69.98681
zoom-out,775.120,1.056,69.98698,69.98697
zoom-out,775.562,0.441,69.98705,69.98704
zoom-out,775.979,0.418,69.98711,69.98711
zoom-out,776.382,0.403,69.98717,69.98717
zoom-out,776.832,0.450,69.98724,69.98724
zoom-out,777.299,0.467,69.98731,69.98731
zoom-out,777.881,0.582,69.98740,69.98740
zoom-out,778.449,0.568,69.98748,69.98748
zoom-out,778.896,0.447,69.98755,69.98755
zoom-out,779.355,0.459,69.98762,69.98762
zoom-out,779.809,0.454,69.98769,69.98769
zoom-out,780.774,0.965,69.98783,69.98783
zoom-out,781.252,0.478,69.98790,69.98790
zoom-out,781.673,0.421,69.98796,69.98796
zoom-out,783.173,1.500,69.98817,69.98817
zoom-out,783.883,0.711,69.98827,69.98827
zoom-out,784.372,0.489,69.98834,69.98834
zoom-out,785.058,0.686,69.98844,69.98844
zoom-out,785.494,0.435,69.98850,69.98850
zoom-out,785.965,0.471,69.98856,69.98856
zoom-out,786.395,0.430,69.98862,69.98862
zoom-out,786.808,0.414,69.98868,69.98868
zoom-out,787.271,0.463,69.98875,69.98874
zoom-out,787.730,0.459,69.98880,69.98880
zoom-out,788.164,0.434,69.98886,69.98886
zoom-out,789.230,1.066,69.98900,69.98900
zoom-out,789.742,0.513,69.98907,69.98907
zoom-out,790.365,0.622,69.98915,69.98915
zoom-out,790.902,0.537,69.98922,69.98922
zoom-out,791.444,0.542,69.98929,69.98929
zoom-out,791.969,0.525,69.98936,69.98936
zoom-out,792.398,0.429,69.98942,69.98941
zoom-out,792.812,0.414,69.98946,69.98947
zoom-out,793.408,0.597,69.98954,69.98954
zoom-out,793.875,0.467,69.98960,69.98960
zoom-out,794.339,0.464,69.98965,69.98966
zoom-out,794.813,0.473,69.98972,69.98972
zoom-out,795.248,0.436,69.98977,69.98977
zoom-out,795.677,0.429,69.98982,69.98982
zoom-out,797.924,2.247,69.99009,69.99009
zoom-out,798.511,0.587,69.99016,69.99016
zoom-out,798.981,0.470,69.99022,69.99022
zoom-out,799.508,0.528,69.99028,69.99028
zoom-out,799.957,0.449,69.99033,69.99033
zoom-out,800.379,0.422,69.99038,69.99038
zoom-out,800.798,0.419,69.99043,69.99043
zoom-out,801.211,0.413,69.99047,69.99048
zoom-out,802.981,1.770,69.99068,69.99068
zoom-out,803.778,0.797,69.99077,69.99076
zoom-out,804.301,0.523,69.99082,69.99082
zoom-out,805.063,0.761,69.99091,69.99091
zoom-out,805.922,0.860,69.99100,69.99100
zoom-out,806.402,0.480,69.99105,69.99105
zoom-out,806.934,0.532,69.99111,69.99111
zoom-out,807.438,0.504,69.99117,69.99116
zoom-out,808.389,0.951,69.99126,69.99126
zoom-out,808.966,0.577,69.99132,69.99132
zoom-out,809.442,0.476,69.99137,69.99137
zoom-out,809.883,0.441,69.99142,69.99142
zoom-out,810.385,0.501,69.99147,69.99147
zoom-out,810.833,0.448,69.99152,69.99151
zoom-out,811.266,0.434,69.99156,69.99156
zoom-out,811.709,0.443,69.99160,69.99160
zoom-out,812.135,0.426,69.99165,69.99165
zoom-out,812.684,0.549,69.99170,69.99170
zoom-out,813.294,0.610,69.99176,69.99176
zoom-out,814.609,1.315,69.99189,69.99189
zoom-out,815.320,0.711,69.99196,69.99196
zoom-out,816.084,0.764,69.99203,69.99203
zoom-out,816.517,0.433,69.99207,69.99207
zoom-out,817.010,0.493,69.99212,69.99212
zoom-out,817.464,0.454,69.99216,69.99216
zoom-out,818.000,0.536,69.99222,69.99221
zoom-out,818.450,0.450,69.99226,69.99226
zoom-out,818.878,0.428,69.99229,69.99230
zoom-out,819.298,0.420,69.99233,69.99233
zoom-out,819.712,0.415,69.99237,69.99237
zoom-out,820.121,0.409,69.99241,69.99241
zoom-out,820.795,0.674,69.99247,69.99247
zoom-out,821.318,0.522,69.99252,69.99252
zoom-out,823.431,2.114,69.99271,69.99270
zoom-out,824.349,0.918,69.99278,69.99278
zoom-out,825.572,1.223,69.99289,69.99289
zoom-out,826.407,0.835,69.99296,69.99296
zoom-out,827.033,0.626,70.00000,70.00000
zoom-out,827.766,0.734,70.00000,70.00000
zoom-out,828.761,0.994,70.00000,70.00000
zoom-out,829.276,0.515,70.00000,70.00000
zoom-out,829.861,0.585,70.00000,70.00000
zoom-out,831.404,1.544,70.00000,70.00000
zoom-out,832.082,0.678,70.00000,70.00000
zoom-out,832.562,0.480,70.00000,70.00000
zoom-out,833.078,0.516,70.00000,70.00000
zoom-out,833.654,0.576,70.00000,70.00000
zoom-out,834.219,0.565,70.00000,70.00000
zoom-out,834.909,0.690,70.00000,70.00000
zoom-out,835.400,0.491,70.00000,70.00000
zoom-out,835.849,0.449,70.00000,70.00000
zoom-out,836.332,0.484,70.00000,70.00000
zoom-out,836.764,0.432,70.00000,70.00000
zoom-out,837.221,0.458,70.00000,70.00000
zoom-out,837.725,0.504,70.00000,70.00000
zoom-out,839.069,1.344,70.00000,70.00000
zoom-out,839.503,0.433,70.00000,70.00000
zoom-out,839.923,0.420,70.00000,70.00000
zoom-out,840.341,0.418,70.00000,70.00000
zoom-out,840.756,0.415,70.00000,70.00000
zoom-out,843.073,2.317,70.00000,70.00000
zoom-out,843.619,0.546,70.00000,70.00000
zoom-out,844.096,0.477,70.00000,70.00000
zoom-out,844.567,0.472,70.00000,70.00000
zoom-out,845.044,0.477,70.00000,70.00000
zoom-out,845.490,0.446,70.00000,70.00000
zoom-out,845.915,0.425,70.00000,70.00000
zoom-out,848.002,2.087,70.00000,70.00000
zoom-out,848.503,0.501,70.00000,70.00000
zoom-out,848.949,0.446,70.00000,70.00000
zoom-out,849.382,0.433,70.00000,70.00000
zoom-out,849.895,0.513,70.00000,70.00000
zoom-out,850.326,0.431,70.00000,70.00000
zoom-out,851.071,0.745,70.00000,70.00000
zoom-out,852.103,1.032,70.00000,70.00000
zoom-out,852.564,0.461,70.00000,70.00000
zoom-out,852.985,0.421,70.00000,70.00000
zoom-out,853.401,0.416,70.00000,70.00000
zoom-out,853.810,0.409,70.00000,70.00000
zoom-out,854.223,0.414,70.00000,70.00000
zoom-out,855.167,0.944,70.00000,70.00000
zoom-out,855.691,0.524,70.00000,70.00000
zoom-out,856.140,0.450,70.00000,70.00000
zoom-out,856.638,0.497,70.00000,70.00000
zoom-out,857.068,0.431,70.00000,70.00000
zoom-out,857.519,0.451,70.00000,70.00000
zoom-out,857.993,0.474,70.00000,70.00000
zoom-out,858.576,0.583,70.00000,70.00000
zoom-out,859.088,0.512,70.00000,70.00000
zoom-out,863.026,3.938,70.00000,70.00000
zoom-out,863.552,0.526,70.00000,70.00000
zoom-out,864.132,0.580,70.00000,70.00000
zoom-out,864.828,0.695,70.00000,70.00000
zoom-out,866.046,1.218,70.00000,70.00000
zoom-out,866.615,0.569,70.00000,70.00000
zoom-out,867.101,0.487,70.00000,70.00000
zoom-out,867.578,0.477,70.00000,70.00000
zoom-out,868.072,0.493,70.00000,70.00000
zoom-out,868.551,0.480,70.00000,70.00000
zoom-out,869.003,0.452,70.00000,70.00000
zoom-out,869.611,0.608,70.00000,70.00000
zoom-out,870.114,0.503,70.00000,70.00000
zoom-out,870.595,0.481,70.00000,70.00000
zoom-out,871.350,0.756,70.00000,70.00000
zoom-out,871.885,0.535,70.00000,70.00000
zoom-out,872.741,0.857,70.00000,70.00000
zoom-out,873.228,0.486,70.00000,70.00000
zoom-out,873.699,0.471,70.00000,70.00000
zoom-out,875.139,1.440,70.00000,70.00000
zoom-out,875.642,0.503,70.00000,70.00000
zoom-out,876.213,0.571,70.00000,70.00000
zoom-out,876.637,0.424,70.00000,70.00000
zoom-out,877.051,0.414,70.00000,70.00000
zoom-out,877.457,0.406,70.00000,70.00000
zoom-out,877.861,0.405,70.00000,70.00000
zoom-out,878.275,0.414,70.00000,70.00000
zoom-out,878.680,0.405,70.00000,70.00000
zoom-out,879.081,0.402,70.00000,70.00000
zoom-out,879.489,0.408,70.00000,70.00000
zoom-out,880.654,1.166,70.00000,70.00000
zoom-out,881.101,0.447,70.00000,70.00000
zoom-out,881.541,0.440,70.00000,70.00000
zoom-out,883.376,1.835,70.00000,70.00000
zoom-out,883.890,0.514,70.00000,70.00000
zoom-out,884.337,0.447,70.00000,70.00000
zoom-out,884.775,0.438,70.00000,70.00000
zoom-out,885.188,0.413,70.00000,70.00000
zoom-out,885.629,0.441,70.00000,70.00000
zoom-out,886.154,0.525,70.00000,70.00000
zoom-out,886.597,0.443,70.00000,70.00000
zoom-out,887.098,0.501,70.00000,70.00000
zoom-out,887.543,0.445,70.00000,70.00000
zoom-out,888.006,0.463,70.00000,70.00000
zoom-out,889.002,0.996,70.00000,70.00000
zoom-out,889.431,0.429,70.00000,70.00000
zoom-out,889.849,0.418,70.00000,70.00000
zoom-out,890.257,0.408,70.00000,70.00000
zoom-out,890.966,0.709,70.00000,70.00000
zoom-out,891.407,0.441,70.00000,70.00000
zoom-out,891.838,0.431,70.00000,70.00000
zoom-out,892.332,0.495,70.00000,70.00000
zoom-out,892.790,0.458,70.00000,70.00000
zoom-out,893.577,0.787,70.00000,70.00000
zoom-out,894.135,0.558,70.00000,70.00000
zoom-out,895.082,0.947,70.00000,70.00000
zoom-out,895.527,0.445,70.00000,70.00000
zoom-out,895.948,0.421,70.00000,70.00000
zoom-out,896.413,0.465,70.00000,70.00000
zoom-out,897.691,1.278,70.00000,70.00000
zoom-out,898.196,0.505,70.00000,70.00000
zoom-out,898.636,0.440,70.00000,70.00000
zoom-out,899.059,0.423,70.00000,70.00000
zoom-out,899.465,0.407,70.00000,70.00000
zoom-out,899.868,0.403,70.00000,70.00000
zoom-out,900.272,0.404,70.00000,70.00000
zoom-out,900.680,0.408,70.00000,70.00000
zoom-out,902.767,2.088,70.00000,70.00000
zoom-out,903.697,0.930,70.00000,70.00000
zoom-out,904.153,0.456,70.00000,70.00000
zoom-out,904.594,0.441,70.00000,70.00000
zoom-out,906.251,1.657,70.00000,70.00000
zoom-out,906.904,0.653,70.00000,70.00000
zoom-out,907.388,0.484,70.00000,70.00000
zoom-out,908.572,1.183,70.00000,70.00000
zoom-out,909.040,0.469,70.00000,70.00000
zoom-out,909.473,0.433,70.00000,70.00000
zoom-out,909.888,0.415,70.00000,70.00000
zoom-out,910.316,0.428,70.00000,70.00000
zoom-out,910.769,0.454,70.00000,70.00000
zoom-out,911.624,0.855,70.00000,70.00000
zoom-out,912.467,0.843,70.00000,70.00000
zoom-out,913.014,0.547,70.00000,70.00000
zoom-out,914.357,1.343,70.00000,70.00000
zoom-out,914.844,0.486,70.00000,70.00000
zoom-out,915.296,0.452,70.00000,70.00000
zoom-out,915.720,0.425,70.00000,70.00000
zoom-out,916.133,0.413,70.00000,70.00000
zoom-out,916.545,0.412,70.00000,70.00000
zoom-out,917.022,0.477,70.00000,70.00000
zoom-out,917.787,0.765,70.00000,70.00000
zoom-out,918.505,0.718,70.00000,70.00000
zoom-out,918.987,0.482,70.00000,70.00000
zoom-out,919.456,0.469,70.00000,70.00000
zoom-out,923.697,4.241,70.00000,70.00000
zoom-out,924.318,0.621,70.00000,70.00000
zoom-out,926.242,1.924,70.00000,70.00000
zoom-out,926.860,0.619,70.00000,70.00000
zoom-out,927.349,0.488,70.00000,70.00000
zoom-out,927.777,0.429,70.00000,70.00000
zoom-out,928.339,0.562,70.00000,70.00000
zoom-out,929.019,0.679,70.00000,70.00000
zoom-out,931.496,2.478,70.00000,70.00000
zoom-out,932.152,0.656,70.00000,70.00000
zoom-out,932.679,0.527,70.00000,70.00000
zoom-out,933.126,0.447,70.00000,70.00000
zoom-out,933.556,0.430,70.00000,70.00000
zoom-out,933.972,0.416,70.00000,70.00000
zoom-out,934.455,0.483,70.00000,70.00000
zoom-out,934.880,0.425,70.00000,70.00000
zoom-out,935.306,0.426,70.00000,70.00000
zoom-out,935.847,0.541,70.00000,70.00000
zoom-out,936.329,0.482,70.00000,70.00000
zoom-out,936.761,0.432,70.00000,70.00000
zoom-out,937.188,0.426,70.00000,70.00000
zoom-out,937.646,0.458,70.00000,70.00000
zoom-out,938.099,0.453,70.00000,70.00000
zoom-out,938.891,0.792,70.00000,70.00000
zoom-out,939.351,0.460,70.00000,70.00000
zoom-out,939.851,0.500,70.00000,70.00000
zoom-out,940.277,0.426,70.00000,70.00000
zoom-out,940.702,0.424,70.00000,70.00000
zoom-out,943.005,2.304,70.00000,70.00000
zoom-out,944.100,1.095,70.00000,70.00000
zoom-out,944.793,0.692,70.00000,70.00000
zoom-out,945.260,0.467,70.00000,70.00000
zoom-out,945.692,0.433,70.00000,70.00000
zoom-out,946.133,0.441,70.00000,70.00000
zoom-out,948.492,2.359,70.00000,70.00000
zoom-out,949.217,0.725,70.00000,70.00000
zoom-out,949.753,0.536,70.00000,70.00000
zoom-out,950.225,0.472,70.00000,70.00000
zoom-out,950.715,0.490,70.00000,70.00000
zoom-out,951.237,0.522,70.00000,70.00000
zoom-out,952.125,0.889,70.00000,70.00000
zoom-out,952.630,0.505,70.00000,70.00000
zoom-out,953.098,0.467,70.00000,70.00000
zoom-out,953.649,0.552,70.00000,70.00000
zoom-out,954.103,0.454,70.00000,70.00000
zoom-out,955.656,1.553,70.00000,70.00000
zoom-out,956.108,0.452,70.00000,70.00000
zoom-out,956.618,0.510,70.00000,70.00000
zoom-out,957.160,0.541,70.00000,70.00000
zoom-out,958.580,1.420,70.00000,70.00000
zoom-out,959.109,0.530,70.00000,70.00000
zoom-out,959.570,0.460,70.00000,70.00000
zoom-out,960.022,0.453,70.00000,70.00000
zoom-out,960.457,0.435,70.00000,70.00000
zoom-out,960.875,0.417,70.00000,70.00000
zoom-out,961.283,0.409,70.00000,70.00000
zoom-out,963.174,1.891,70.00000,70.00000
zoom-out,963.871,0.697,70.00000,70.00000
zoom-out,964.348,0.477,70.00000,70.00000
zoom-out,965.786,1.439,70.00000,70.00000
zoom-out,966.347,0.561,70.00000,70.00000
zoom-out,966.814,0.467,70.00000,70.00000
zoom-out,967.258,0.445,70.00000,70.00000
zoom-out,967.684,0.426,70.00000,70.00000
zoom-out,968.164,0.479,70.00000,70.00000
zoom-out,968.617,0.454,70.00000,70.00000
zoom-out,969.108,0.491,70.00000,70.00000
zoom-out,969.527,0.419,70.00000,70.00000
zoom-out,969.958,0.431,70.00000,70.00000
zoom-out,970.376,0.418,70.00000,70.00000
zoom-out,971.032,0.656,70.00000,70.00000
zoom-out,971.663,0.631,70.00000,70.00000
zoom-out,973.121,1.458,70.00000,70.00000
zoom-out,973.720,0.599,70.00000,70.00000
zoom-out,974.576,0.856,70.00000,70.00000
zoom-out,975.271,0.694,70.00000,70.00000
zoom-out,975.702,0.431,70.00000,70.00000
zoom-out,976.198,0.496,70.00000,70.00000
zoom-out,976.745,0.547,70.00000,70.00000
zoom-out,977.204,0.459,70.00000,70.00000
zoom-out,977.642,0.439,70.00000,70.00000
zoom-out,978.295,0.653,70.00000,70.00000
zoom-out,978.813,0.518,70.00000,70.00000
zoom-out,983.416,4.603,70.00000,70.00000
zoom-out,984.657,1.241,70.00000,70.00000
zoom-out,985.191,0.534,70.00000,70.00000
zoom-out,985.661,0.470,70.00000,70.00000
zoom-out,986.102,0.441,70.00000,70.00000
zoom-out,986.552,0.449,70.00000,70.00000
zoom-out,986.977,0.426,70.00000,70.00000
zoom-out,987.396,0.419,70.00000,70.00000
zoom-out,987.831,0.435,70.00000,70.00000
zoom-out,988.978,1.147,70.00000,70.00000
zoom-out,989.467,0.489,70.00000,70.00000
zoom-out,990.020,0.553,70.00000,70.00000
zoom-out,990.639,0.619,70.00000,70.00000
zoom-out,991.677,1.038,70.00000,70.00000
zoom-out,992.201,0.524,70.00000,70.00000
zoom-out,992.659,0.458,70.00000,70.00000
zoom-out,993.096,0.437,70.00000,70.00000
zoom-out,993.571,0.475,70.00000,70.00000
zoom-out,994.041,0.471,70.00000,70.00000
zoom-out,994.482,0.441,70.00000,70.00000
zoom-out,995.106,0.624,70.00000,70.00000
zoom-out,995.589,0.483,70.00000,70.00000
zoom-out,996.037,0.448,70.00000,70.00000
zoom-out,997.955,1.918,70.00000,70.00000
zoom-out,998.542,0.588,70.00000,70.00000
zoom-out,998.989,0.447,70.00000,70.00000
zoom-out,999.433,0.444,70.00000,70.00000
zoom-out,999.853,0.420,70.00000,70.00000
zoom-out,1000.257,0.404,70.00000,70.00000
zoom-out,1000.797,0.541,70.00000,70.00000
zoom-out,1001.194,0.396,70.00000,70.00000
zoom-out,1002.920,1.726,70.00000,70.00000
zoom-out,1003.541,0.621,70.00000,70.00000
zoom-out,1004.102,0.561,70.00000,70.00000
zoom-out,1004.686,0.584,70.00000,70.00000
zoom-out,1005.461,0.775,70.00000,70.00000
zoom-out,1006.093,0.632,70.00000,70.00000
zoom-out,1006.550,0.457,70.00000,70.00000
zoom-out,1007.350,0.800,70.00000,70.00000
zoom-out,1008.423,1.073,70.00000,70.00000
zoom-out,1008.929,0.506,70.00000,70.00000
zoom-out,1009.394,0.465,70.00000,70.00000
zoom-out,1009.946,0.552,70.00000,70.00000
zoom-out,1010.397,0.451,70.00000,70.00000
zoom-out,1010.910,0.513,70.00000,70.00000
zoom-out,1011.353,0.443,70.00000,70.00000
zoom-out,1011.935,0.582,70.00000,70.00000
zoom-out,1012.658,0.723,70.00000,70.00000
zoom-out,1013.175,0.517,70.00000,70.00000
zoom-out,1014.867,1.692,70.00000,70.00000
zoom-out,1015.468,0.601,70.00000,70.00000
zoom-out,1015.942,0.475,70.00000,70.00000
zoom-out,1016.391,0.449,70.00000,70.00000
zoom-out,1016.825,0.434,70.00000,70.00000
zoom-out,1017.246,0.421,70.00000,70.00000
zoom-out,1017.662,0.417,70.00000,70.00000
zoom-out,1018.071,0.409,70.00000,70.00000
zoom-out,1018.586,0.515,70.00000,70.00000
zoom-out,1019.006,0.419,70.00000,70.00000
zoom-out,1019.412,0.406,70.00000,70.00000
zoom-out,1019.806,0.394,70.00000,70.00000
zoom-out,1021.877,2.072,70.00000,70.00000
zoom-out,1022.416,0.539,70.00000,70.00000
zoom-out,1022.890,0.474,70.00000,70.00000
zoom-out,1023.627,0.737,70.00000,70.00000
zoom-out,1025.461,1.834,70.00000,70.00000
zoom-out,1026.115,0.654,70.00000,70.00000
zoom-out,1026.715,0.599,70.00000,70.00000
zoom-out,1027.193,0.478,70.00000,70.00000
zoom-out,1027.737,0.544,70.00000,70.00000
zoom-out,1028.162,0.425,70.00000,70.00000
zoom-out,1028.654,0.492,70.00000,70.00000
zoom-out,1029.112,0.458,70.00000,70.00000
zoom-out,1029.562,0.449,70.00000,70.00000
zoom-out,1031.158,1.597,70.00000,70.00000
zoom-out,1031.698,0.540,70.00000,70.00000
zoom-out,1032.160,0.462,70.00000,70.00000
zoom-out,1032.590,0.430,70.00000,70.00000
zoom-out,1033.023,0.433,70.00000,70.00000
zoom-out,1033.442,0.419,70.00000,70.00000
zoom-out,1033.937,0.495,70.00000,70.00000
zoom-out,1034.388,0.451,70.00000,70.00000
zoom-out,1034.972,0.585,70.00000,70.00000
zoom-out,1035.395,0.422,70.00000,70.00000
zoom-out,1035.813,0.418,70.00000,70.00000
zoom-out,1036.619,0.806,70.00000,70.00000
zoom-out,1037.124,0.505,70.00000,70.00000
zoom-out,1037.641,0.517,70.00000,70.00000
zoom-out,1042.124,4.483,70.00000,70.00000
zoom-out,1042.819,0.695,70.00000,70.00000
zoom-out,1043.350,0.532,70.00000,70.00000
zoom-out,1043.796,0.446,70.00000,70.00000
zoom-out,1044.265,0.469,70.00000,70.00000
zoom-out,1044.849,0.584,70.00000,70.00000
zoom-out,1045.311,0.462,70.00000,70.00000
zoom-out,1045.751,0.440,70.00000,70.00000
zoom-out,1046.197,0.446,70.00000,70.00000
zoom-out,1046.750,0.553,70.00000,70.00000
zoom-out,1047.241,0.491,70.00000,70.00000
zoom-out,1048.487,1.246,70.00000,70.00000
zoom-out,1048.942,0.456,70.00000,70.00000
zoom-out,1049.412,0.469,70.00000,70.00000
zoom-out,1049.854,0.443,70.00000,70.00000
zoom-out,1050.311,0.457,70.00000,70.00000
zoom-out,1051.157,0.846,70.00000,70.00000
zoom-out,1052.282,1.125,70.00000,70.00000
zoom-out,1053.098,0.816,70.00000,70.00000
zoom-out,1053.778,0.680,70.00000,70.00000
zoom-out,1054.391,0.614,70.00000,70.00000
zoom-out,1055.213,0.822,70.00000,70.00000
zoom-out,1055.697,0.484,70.00000,70.00000
zoom-out,1056.151,0.454,70.00000,70.00000
zoom-out,1056.620,0.469,70.00000,70.00000
zoom-out,1057.102,0.482,70.00000,70.00000
zoom-out,1057.537,0.435,70.00000,70.00000
zoom-out,1061.446,3.909,70.00000,70.00000
zoom-out,1062.262,0.816,70.00000,70.00000
zoom-out,1062.810,0.548,70.00000,70.00000
zoom-out,1063.270,0.461,70.00000,70.00000
zoom-out,1063.715,0.444,70.00000,70.00000
zoom-out,1065.322,1.607,70.00000,70.00000
zoom-out,1065.876,0.554,70.00000,70.00000
zoom-out,1066.315,0.439,70.00000,70.00000
zoom-out,1066.739,0.424,70.00000,70.00000
zoom-out,1067.160,0.421,70.00000,70.00000
zoom-out,1067.753,0.593,70.00000,70.00000
zoom-out,1068.702,0.949,70.00000,70.00000
zoom-out,1069.231,0.530,70.00000,70.00000
zoom-out,1069.843,0.612,70.00000,70.00000
zoom-out,1070.266,0.423,70.00000,70.00000
zoom-out,1070.683,0.417,70.00000,70.00000
zoom-out,1071.111,0.428,70.00000,70.00000
zoom-out,1072.027,0.916,70.00000,70.00000
zoom-out,1072.483,0.457,70.00000,70.00000
zoom-out,1072.906,0.423,70.00000,70.00000
zoom-out,1073.318,0.412,70.00000,70.00000
zoom-out,1073.734,0.416,70.00000,70.00000
zoom-out,1074.187,0.453,70.00000,70.00000
zoom-out,1074.935,0.749,70.00000,70.00000
zoom-out,1075.470,0.534,70.00000,70.00000
zoom-out,1075.923,0.453,70.00000,70.00000
zoom-out,1076.354,0.431,70.00000,70.00000
zoom-out,1076.779,0.425,70.00000,70.00000
zoom-out,1077.188,0.409,70.00000,70.00000
zoom-out,1077.593,0.405,70.00000,70.00000
zoom-out,1078.003,0.409,70.00000,70.00000
zoom-out,1078.416,0.414,70.00000,70.00000
zoom-out,1078.820,0.403,70.00000,70.00000
zoom-out,1079.220,0.400,70.00000,70.00000
zoom-out,1081.771,2.552,70.00000,70.00000
zoom-out,1082.407,0.636,70.00000,70.00000
zoom-out,1082.989,0.582,70.00000,70.00000
zoom-out,1083.460,0.472,70.00000,70.00000
zoom-out,1083.892,0.432,70.00000,70.00000
zoom-out,1084.305,0.413,70.00000,70.00000
zoom-out,1084.851,0.546,70.00000,70.00000
zoom-out,1085.280,0.429,70.00000,70.00000
zoom-out,1085.856,0.576,70.00000,70.00000
zoom-out,1086.293,0.437,70.00000,70.00000
zoom-out,1086.728,0.434,70.00000,70.00000
zoom-out,1087.219,0.491,70.00000,70.00000
zoom-out,1087.638,0.419,70.00000,70.00000
zoom-out,1088.057,0.419,70.00000,70.00000
zoom-out,1089.026,0.969,70.00000,70.00000
zoom-out,1089.504,0.478,70.00000,70.00000
zoom-out,1089.940,0.436,70.00000,70.00000
zoom-out,1090.364,0.423,70.00000,70.00000
zoom-out,1090.788,0.424,70.00000,70.00000
zoom-out,1091.350,0.562,70.00000,70.00000
zoom-out,1091.888,0.537,70.00000,70.00000
zoom-out,1092.318,0.430,70.00000,70.00000
zoom-out,1092.766,0.448,70.00000,70.00000
zoom-out,1093.302,0.537,70.00000,70.00000
zoom-out,1093.790,0.488,70.00000,70.00000
zoom-out,1094.329,0.539,70.00000,70.00000
zoom-out,1094.796,0.468,70.00000,70.00000
zoom-out,1095.223,0.427,70.00000,70.00000
zoom-out,1095.639,0.417,70.00000,70.00000
zoom-out,1096.047,0.408,70.00000,70.00000
zoom-out,1097.634,1.587,70.00000,70.00000
zoom-out,1098.148,0.513,70.00000,70.00000
zoom-out,1098.595,0.447,70.00000,70.00000
zoom-out,1099.034,0.439,70.00000,70.00000
zoom-out,1099.568,0.534,70.00000,70.00000
zoom-out,1101.346,1.778,70.00000,70.00000
zoom-out,1102.312,0.967,70.00000,70.00000
zoom-out,1102.966,0.654,70.00000,70.00000
zoom-out,1103.398,0.432,70.00000,70.00000
zoom-out,1103.812,0.414,70.00000,70.00000
zoom-out,1104.246,0.434,70.00000,70.00000
zoom-out,1104.663,0.417,70.00000,70.00000
zoom-out,1106.294,1.631,70.00000,70.00000
zoom-out,1107.062,0.768,70.00000,70.00000
zoom-out,1107.552,0.490,70.00000,70.00000
zoom-out,1108.256,0.704,70.00000,70.00000
zoom-out,1108.696,0.440,70.00000,70.00000
zoom-out,1109.113,0.417,70.00000,70.00000
zoom-out,1109.520,0.407,70.00000,70.00000
zoom-out,1110.056,0.536,70.00000,70.00000
zoom-out,1110.483,0.426,70.00000,70.00000
zoom-out,1110.901,0.418,70.00000,70.00000
zoom-out,1111.593,0.692,70.00000,70.00000
zoom-out,1112.111,0.518,70.00000,70.00000
zoom-out,1113.010,0.899,70.00000,70.00000
zoom-out,1113.504,0.494,70.00000,70.00000
zoom-out,1114.332,0.828,70.00000,70.00000
zoom-out,1114.767,0.435,70.00000,70.00000
zoom-out,1115.186,0.419,70.00000,70.00000
zoom-out,1115.593,0.406,70.00000,70.00000
zoom-out,1116.182,0.589,70.00000,70.00000
zoom-out,1116.961,0.780,70.00000,70.00000
zoom-out,1117.617,0.655,70.00000,70.00000
zoom-out,1121.473,3.856,70.00000,70.00000
zoom-out,1122.003,0.530,70.00000,70.00000
zoom-out,1122.557,0.555,70.00000,70.00000
zoom-out,1123.907,1.349,70.00000,70.00000
zoom-out,1124.703,0.796,70.00000,70.00000
zoom-out,1125.196,0.493,70.00000,70.00000
zoom-out,1126.763,1.567,70.00000,70.00000
zoom-out,1127.265,0.502,70.00000,70.00000
zoom-out,1127.703,0.439,70.00000,70.00000
zoom-out,1128.124,0.420,70.00000,70.00000
zoom-out,1128.535,0.412,70.00000,70.00000
zoom-out,1129.022,0.487,70.00000,70.00000
zoom-out,1131.199,2.177,70.00000,70.00000
zoom-out,1133.532,2.334,70.00000,70.00000
zoom-out,1135.340,1.808,70.00000,70.00000
zoom-out,1135.826,0.486,70.00000,70.00000
zoom-out,1136.317,0.491,70.00000,70.00000
zoom-out,1136.753,0.436,70.00000,70.00000
zoom-out,1137.172,0.419,70.00000,70.00000
zoom-out,1137.581,0.409,70.00000,70.00000
zoom-out,1138.447,0.866,70.00000,70.00000
zoom-out,1138.855,0.408,70.00000,70.00000
zoom-out,1139.259,0.404,70.00000,70.00000
zoom-out,1141.260,2.001,70.00000,70.00000
zoom-out,1141.989,0.729,70.00000,70.00000
zoom-out,1142.782,0.793,70.00000,70.00000
zoom-out,1143.254,0.472,70.00000,70.00000
zoom-out,1143.720,0.466,70.00000,70.00000
zoom-out,1144.157,0.437,70.00000,70.00000
zoom-out,1144.573,0.416,70.00000,70.00000
zoom-out,1145.134,0.561,70.00000,70.00000
zoom-out,1145.571,0.436,70.00000,70.00000
zoom-out,1146.038,0.468,70.00000,70.00000
zoom-out,1146.687,0.649,70.00000,70.00000
zoom-out,1148.655,1.968,70.00000,70.00000
zoom-out,1149.144,0.490,70.00000,70.00000
zoom-out,1149.573,0.429,70.00000,70.00000
zoom-out,1149.986,0.412,70.00000,70.00000
zoom-out,1150.388,0.403,70.00000,70.00000
zoom-out,1150.796,0.408,70.00000,70.00000
zoom-out,1151.200,0.404,70.00000,70.00000
zoom-out,1152.076,0.876,70.00000,70.00000
zoom-out,1152.556,0.480,70.00000,70.00000
zoom-out,1153.085,0.529,70.00000,70.00000
zoom-out,1153.515,0.430,70.00000,70.00000
zoom-out,1154.045,0.530,70.00000,70.00000
zoom-out,1154.481,0.436,70.00000,70.00000
zoom-out,1155.298,0.817,70.00000,70.00000
zoom-out,1155.718,0.421,70.00000,70.00000
zoom-out,1156.125,0.406,70.00000,70.00000
zoom-out,1156.641,0.516,70.00000,70.00000
zoom-out,1157.110,0.469,70.00000,70.00000
zoom-out,1161.265,4.155,70.00000,70.00000
zoom-out,1161.875,0.610,70.00000,70.00000
zoom-out,1162.426,0.551,70.00000,70.00000
zoom-out,1162.957,0.531,70.00000,70.00000
zoom-out,1165.044,2.087,70.00000,70.00000
zoom-out,1165.779,0.736,70.00000,70.00000
zoom-out,1166.287,0.507,70.00000,70.00000
zoom-out,1166.726,0.439,70.00000,70.00000
zoom-out,1167.243,0.517,70.00000,70.00000
zoom-out,1167.686,0.443,70.00000,70.00000
zoom-out,1168.115,0.429,70.00000,70.00000
zoom-out,1168.536,0.421,70.00000,70.00000
zoom-out,1168.939,0.403,70.00000,70.00000
zoom-out,1169.453,0.514,70.00000,70.00000
zoom-out,1169.847,0.395,70.00000,70.00000
zoom-out,1170.277,0.430,70.00000,70.00000
zoom-out,1170.824,0.547,70.00000,70.00000
zoom-out,1171.370,0.545,70.00000,70.00000
zoom-out,1172.513,1.143,70.00000,70.00000
zoom-out,1173.057,0.545,70.00000,70.00000
zoom-out,1173.777,0.720,70.00000,70.00000
zoom-out,1174.256,0.479,70.00000,70.00000
zoom-out,1174.871,0.615,70.00000,70.00000
zoom-out,1175.298,0.427,70.00000,70.00000
zoom-out,1175.724,0.426,70.00000,70.00000
zoom-out,1176.125,0.401,70.00000,70.00000
zoom-out,1176.525,0.400,70.00000,70.00000
zoom-out,1176.932,0.407,70.00000,70.00000
zoom-out,1177.346,0.414,70.00000,70.00000
zoom-out,1177.770,0.424,70.00000,70.00000
zoom-out,1178.263,0.493,70.00000,70.00000
zoom-out,1178.679,0.417,70.00000,70.00000
zoom-out,1179.076,0.397,70.00000,70.00000
zoom-out,1182.024,2.948,70.00000,70.00000
zoom-out,1182.579,0.556,70.00000,70.00000
zoom-out,1183.033,0.454,70.00000,70.00000
zoom-out,1183.456,0.422,70.00000,70.00000
zoom-out,1183.912,0.457,70.00000,70.00000
zoom-out,1184.337,0.425,70.00000,70.00000
zoom-out,1184.913,0.576,70.00000,70.00000
zoom-out,1185.346,0.433,70.00000,70.00000
zoom-out,1185.767,0.421,70.00000,70.00000
zoom-out,1186.177,0.410,70.00000,70.00000
zoom-out,1186.611,0.434,70.00000,70.00000
zoom-out,1187.063,0.452,70.00000,70.00000
zoom-out,1187.547,0.484,70.00000,70.00000
zoom-out,1188.158,0.610,70.00000,70.00000
zoom-out,1189.429,1.272,70.00000,70.00000
zoom-out,1189.993,0.564,70.00000,70.00000
zoom-out,1190.469,0.476,70.00000,70.00000
zoom-out,1191.108,0.639,70.00000,70.00000
zoom-out,1191.562,0.454,70.00000,70.00000
zoom-out,1191.986,0.424,70.00000,70.00000
zoom-out,1192.399,0.413,70.00000,70.00000
zoom-out,1192.804,0.406,70.00000,70.00000
zoom-out,1193.206,0.402,70.00000,70.00000
zoom-out,1193.616,0.410,70.00000,70.00000
zoom-out,1194.020,0.404,70.00000,70.00000
zoom-out,1194.434,0.413,70.00000,70.00000
zoom-out,1194.937,0.503,70.00000,70.00000
zoom-out,1195.593,0.656,70.00000,70.00000
zoom-out,1196.498,0.905,70.00000,70.00000
zoom-out,1197.979,1.482,70.00000,70.00000
zoom-out,1198.469,0.490,70.00000,70.00000
zoom-out,1198.894,0.425,70.00000,70.00000
zoom-out,1201.098,2.204,70.00000,70.00000
zoom-out,1201.617,0.520,70.00000,70.00000
zoom-out,1202.096,0.479,70.00000,70.00000
